date,time,latitude,longitude,number_of_vehicles,number_of_casualties,speed_limit
03/01/2023,19:12,51.356551,-0.097759,1,1,30
07/01/2023,10:05,51.593701,0.022379,1,1,30
14/01/2023,16:15,51.466689,-0.011289,1,1,20
15/01/2023,19:51,51.671577,-0.037543,1,1,30
16/01/2023,19:22,51.447944,0.117279,2,1,30
16/01/2023,22:33,51.551498,-0.199477,2,1,20
21/01/2023,19:06,51.484359,-0.393765,1,1,20
26/01/2023,22:03,51.639292,-0.022953,1,1,30
05/02/2023,20:30,51.517223,0.072594,2,5,40
08/02/2023,13:34,51.634298,-0.069788,1,1,40
11/02/2023,03:15,51.600339,-0.011924,1,1,50
17/02/2023,05:20,51.50044,0.142794,1,1,50
19/02/2023,19:31,51.490639,0.082307,5,4,30
21/02/2023,21:37,51.549155,0.092435,1,1,30
23/02/2023,20:20,51.502327,-0.188952,1,1,20
28/02/2023,19:42,51.51838,-0.186139,1,1,20
28/02/2023,18:48,51.63811,-0.27361,4,1,70
08/03/2023,09:43,51.435395,-0.128195,1,2,20
20/03/2023,02:28,51.512052,-0.028611,2,2,20
20/03/2023,22:45,51.469111,-0.141991,2,1,20
27/03/2023,23:55,51.482801,-0.501589,3,1,70
02/04/2023,02:40,51.461372,-0.115731,1,1,20
05/04/2023,14:05,51.373703,-0.231706,1,1,20
18/04/2023,14:50,51.367048,0.04723,1,1,40
19/04/2023,08:30,51.506647,0.22524,4,2,50
28/04/2023,13:11,51.517546,-0.250239,2,2,20
28/04/2023,18:43,51.630996,-0.096659,1,1,20
01/05/2023,21:17,51.481013,-0.462807,1,1,50
03/05/2023,16:45,51.598686,0.020637,1,1,30
06/05/2023,09:05,51.576194,0.052314,2,1,40
06/05/2023,09:22,51.52669,-0.292258,3,1,30
10/05/2023,15:20,51.493381,-0.198411,3,1,30
11/05/2023,20:15,51.433027,-0.117948,2,1,20
13/05/2023,16:35,51.552457,-0.01958,2,3,30
17/05/2023,13:21,51.57812,-0.416858,3,1,30
18/05/2023,03:59,51.417401,-0.126543,1,1,30
24/05/2023,07:40,51.521363,-0.137746,2,1,20
24/05/2023,15:30,51.467494,-0.172407,1,1,20
28/05/2023,16:17,51.492981,-0.428826,1,1,30
30/05/2023,14:50,51.61191,-0.043396,1,2,40
06/02/2023,09:36,51.461584,-0.115492,1,1,20
09/06/2023,02:15,51.454874,0.026399,2,1,30
09/06/2023,17:25,51.565104,-0.324624,2,1,30
12/06/2023,09:00,51.615713,-0.082565,2,2,50
22/06/2023,00:29,51.642556,-0.060707,3,1,40
24/06/2023,06:22,51.374924,-0.303299,1,1,30
26/06/2023,15:29,51.579146,0.072639,2,1,30
04/07/2023,03:42,51.417581,-0.250464,1,1,50
06/07/2023,09:54,51.426169,-0.231911,1,6,20
13/07/2023,08:52,51.482723,-0.452639,3,2,50
15/07/2023,15:53,51.496919,-0.455904,1,1,50
09/07/2023,02:41,51.464172,-0.131639,2,1,20
30/06/2023,03:40,51.532013,-0.264607,1,1,20
30/07/2023,04:02,51.462421,-0.136318,1,1,20
05/08/2023,03:40,51.490573,-0.306845,1,1,40
06/08/2023,20:08,51.596387,0.027234,1,1,50
07/08/2023,16:32,51.565071,0.110553,1,1,30
11/08/2023,12:59,51.551086,-0.448922,1,1,30
14/08/2023,02:12,51.623225,-0.043516,2,2,40
18/08/2023,23:26,51.398399,-0.10025,5,1,30
22/08/2023,16:15,51.629951,-0.017247,2,1,30
23/08/2023,15:35,51.473928,-0.068328,1,1,20
10/08/2023,07:55,51.481786,-0.173161,2,1,20
10/09/2023,03:55,51.519784,-0.188563,1,1,20
10/09/2023,19:35,51.546461,-0.036845,3,2,20
12/09/2023,21:38,51.375068,-0.303337,1,1,50
14/09/2023,17:20,51.508916,-0.003744,1,1,40
15/09/2023,08:47,51.604084,-0.327652,2,1,30
15/09/2023,11:35,51.303824,-0.14866,1,1,40
21/09/2023,19:12,51.65225,-0.159593,1,1,20
21/09/2023,18:40,51.534999,-0.066292,2,1,20
25/09/2023,06:46,51.52372,-0.137275,3,2,20
06/10/2023,21:40,51.463436,-0.168797,1,1,20
12/10/2023,15:02,51.649093,-0.056858,2,1,30
15/10/2023,05:54,51.509862,-0.35749,2,1,20
09/10/2023,15:32,51.397775,0.113164,3,1,30
19/10/2023,05:52,51.53178,-0.109855,2,1,20
20/10/2023,13:20,51.57739,0.26495,1,1,70
20/10/2023,17:20,51.595768,-0.358349,2,1,30
29/10/2023,00:01,51.343149,-0.183661,1,1,30
29/10/2023,05:51,51.512188,0.184046,4,1,70
29/10/2023,11:35,51.492179,-0.408039,1,4,70
30/10/2023,06:44,51.401449,-0.038662,2,1,30
01/11/2023,11:19,51.431648,-0.306996,1,1,20
03/11/2023,12:14,51.427959,-0.168116,1,1,20
07/11/2023,11:17,51.593885,-0.106152,1,2,20
09/11/2023,17:26,51.448891,-0.131486,1,1,20
11/11/2023,12:29,51.350695,0.130113,2,1,60
20/11/2023,20:50,51.679473,-0.097173,2,1,30
25/11/2023,15:20,51.536789,-0.192055,1,1,20
30/11/2023,00:58,51.538691,-0.359394,1,1,40
05/12/2023,18:36,51.483878,-0.065819,2,1,20
07/12/2023,22:05,51.522509,-0.155646,1,2,30
08/12/2023,17:30,51.59606,0.022181,1,1,50
15/12/2023,02:53,51.507604,-0.006453,1,1,40
15/12/2023,17:16,51.584289,-0.020549,1,1,20
15/12/2023,21:00,51.351457,-0.019902,1,1,30
19/12/2023,06:07,51.646106,-0.186611,1,1,30
22/12/2023,17:07,51.611344,0.096218,1,1,30
08/12/2023,11:40,51.57341,-0.294447,3,1,20
28/08/2023,22:28,51.486825,0.170618,1,1,30
19/01/2023,13:30,54.387186,-3.418562,1,1,30
23/01/2023,17:21,54.836483,-3.077098,2,1,60
27/01/2023,15:15,54.846982,-2.863207,2,2,60
13/02/2023,17:51,54.647953,-3.47532,2,3,60
18/02/2023,07:57,54.930464,-2.803477,2,2,60
21/02/2023,07:56,54.6435,-3.542725,1,1,30
16/04/2023,12:17,54.247365,-2.429878,1,1,60
23/04/2023,20:11,54.724731,-2.80086,2,1,70
02/05/2023,13:19,54.330646,-2.622289,2,6,60
28/05/2023,10:30,54.63647,-2.764807,2,2,60
09/06/2023,18:38,54.584332,-2.494383,1,1,30
07/07/2023,06:12,54.524573,-2.319722,1,1,70
27/07/2023,17:36,54.931642,-2.742589,1,1,60
27/08/2023,12:50,54.474121,-2.373029,1,1,60
02/09/2023,15:36,54.99328,-3.047877,2,1,60
14/09/2023,12:20,54.451298,-2.911401,2,1,60
12/10/2023,06:15,54.240259,-2.726863,2,1,70
16/10/2023,19:50,54.826136,-2.888897,1,2,70
29/11/2023,11:00,54.535304,-2.567137,2,1,60
07/12/2023,22:54,54.763654,-2.834002,2,1,70
22/12/2023,11:04,54.763469,-3.333374,2,1,30
22/12/2023,18:45,54.655605,-3.457182,2,6,60
22/12/2023,09:25,54.200345,-2.588659,2,1,60
02/01/2023,11:10,53.914509,-2.844647,1,1,60
03/02/2023,05:30,53.77979,-2.569613,2,1,50
06/02/2023,17:24,53.844571,-3.053763,1,2,30
27/02/2023,10:18,54.053363,-2.738351,2,1,60
04/03/2023,23:40,54.065933,-2.695271,1,5,60
11/03/2023,01:50,53.790157,-2.246378,1,4,20
14/04/2023,22:45,53.57508,-2.778754,1,2,40
28/04/2023,11:43,53.851061,-3.0414,2,1,30
02/05/2023,10:02,53.87576,-3.0331,3,1,30
06/05/2023,21:29,53.750202,-2.429045,3,4,50
13/05/2023,18:52,53.679224,-2.309344,1,1,40
22/05/2023,01:15,53.787773,-2.275916,1,2,70
03/06/2023,18:04,53.752066,-2.335008,2,4,70
04/06/2023,18:07,53.766367,-2.680571,1,2,30
15/06/2023,08:35,53.871853,-2.811817,2,1,50
16/06/2023,20:08,53.52403,-2.882848,2,1,50
25/06/2023,12:40,53.830735,-3.056105,1,1,30
07/07/2023,19:20,53.767807,-2.333966,1,2,60
11/07/2023,14:17,53.673496,-2.171555,1,1,30
01/08/2023,16:21,53.733045,-2.707394,1,1,30
01/08/2023,11:30,53.772991,-2.38567,1,1,30
15/08/2023,13:15,53.847177,-2.74449,3,4,40
27/08/2023,20:21,53.855962,-2.177699,1,1,20
30/08/2023,04:02,53.530304,-2.865659,1,1,50
09/09/2023,10:50,53.784665,-2.301317,1,1,70
14/09/2023,00:02,53.739685,-2.984047,1,4,30
14/09/2023,13:04,54.148977,-2.746651,3,2,50
15/09/2023,23:15,53.816554,-3.0559,1,1,30
21/09/2023,09:17,53.747304,-2.470943,1,1,30
26/09/2023,12:40,53.645501,-2.653118,1,2,20
26/09/2023,17:49,53.651664,-2.875966,1,1,40
25/10/2023,17:47,53.927714,-2.98475,2,1,20
25/11/2023,12:09,53.61365,-2.718335,1,1,60
12/12/2023,21:48,53.597175,-2.571504,1,1,70
15/12/2023,21:48,53.570354,-2.96584,1,2,40
01/01/2023,09:55,53.486993,-2.800364,2,3,40
11/01/2023,18:41,53.391991,-3.177812,2,1,30
11/01/2023,23:16,53.465046,-3.014135,1,1,40
28/01/2023,16:04,53.479223,-2.674263,1,1,40
03/02/2023,21:10,53.476741,-2.905597,2,4,70
05/02/2023,14:25,53.418946,-2.92274,2,2,30
19/03/2023,23:40,53.346505,-2.830911,2,2,60
13/04/2023,21:05,53.486261,-2.981681,1,1,20
20/04/2023,16:28,53.441883,-2.941544,3,1,20
20/04/2023,21:57,53.388673,-3.024979,1,1,30
27/05/2023,02:02,53.401093,-2.847707,2,2,70
05/07/2023,06:54,53.45397,-2.699915,3,2,30
19/07/2023,23:05,53.494822,-2.973498,2,2,30
02/08/2023,16:15,53.554525,-3.061213,3,2,20
10/08/2023,08:25,53.421048,-2.981502,1,1,20
26/08/2023,21:23,53.383174,-2.918794,1,2,30
10/09/2023,19:10,53.344259,-2.984394,3,3,40
18/09/2023,15:45,53.409303,-2.985444,1,1,30
30/09/2023,13:49,53.39629,-3.173028,1,1,30
19/10/2023,06:45,53.647858,-2.969774,2,1,30
03/11/2023,06:59,53.464541,-2.876898,2,1,50
08/11/2023,15:50,53.427656,-2.866326,2,1,30
03/12/2023,17:54,53.398268,-2.968645,1,1,20
01/12/2023,06:10,53.463579,-2.722561,2,1,30
04/12/2023,16:30,53.433003,-2.742468,3,1,30
15/12/2023,19:42,53.380536,-2.866421,1,1,30
03/01/2023,21:42,53.462027,-2.277171,2,1,30
24/01/2023,06:45,53.440788,-2.158782,3,1,30
28/01/2023,21:03,53.594088,-2.443264,3,3,30
03/02/2023,11:15,53.644431,-2.097075,1,1,30
18/02/2023,03:15,53.392016,-2.145143,1,1,30
23/02/2023,13:31,53.550222,-2.120238,3,2,30
15/03/2023,13:27,53.553373,-2.297482,1,1,30
17/03/2023,00:36,53.443174,-2.263138,1,1,30
30/03/2023,11:52,53.617135,-2.423068,2,4,30
03/04/2023,07:57,53.55432,-2.120793,1,1,30
18/04/2023,23:16,53.521684,-2.469868,1,1,30
13/05/2023,15:10,53.5567,-2.266544,2,4,70
15/05/2023,11:46,53.56733,-2.435948,1,1,20
24/05/2023,20:05,53.567436,-2.339254,1,1,20
08/06/2023,13:57,53.48895,-2.294965,3,1,30
13/06/2023,23:52,53.596659,-2.457389,1,1,30
26/06/2023,14:35,53.490734,-2.632168,3,1,30
22/07/2023,22:11,53.459919,-2.290833,2,1,30
29/07/2023,13:50,53.388282,-2.254319,2,3,30
02/08/2023,14:18,53.592161,-2.137746,1,3,70
09/08/2023,13:40,53.550824,-2.200595,1,1,20
10/08/2023,17:04,53.469937,-2.349247,2,1,30
11/08/2023,18:30,53.48361,-2.276604,2,2,40
12/08/2023,05:10,53.387758,-2.357203,1,1,30
17/08/2023,14:20,53.376125,-2.256606,2,1,30
18/08/2023,22:10,53.468409,-2.235591,2,1,30
12/09/2023,13:30,53.378692,-2.349897,3,2,30
24/05/2023,11:56,53.475571,-2.249568,2,1,30
17/07/2023,09:15,53.548538,-2.522673,3,1,30
19/09/2023,00:16,53.475857,-2.399075,2,2,70
12/10/2023,16:48,53.461306,-2.207267,1,1,30
16/10/2023,13:12,53.480601,-2.237919,1,10,30
02/11/2023,18:37,53.563466,-2.331915,3,1,30
06/11/2023,23:21,53.457984,-2.239344,2,1,30
09/11/2023,11:35,53.385347,-2.128837,2,1,30
20/11/2023,17:55,53.478984,-2.125596,1,1,30
21/11/2023,12:20,53.588238,-2.412642,2,1,30
03/12/2023,20:30,53.417987,-2.308768,5,3,30
15/12/2023,16:10,53.529827,-2.515653,3,4,40
21/12/2023,22:30,53.613716,-2.089446,1,1,70
23/12/2023,16:06,53.613736,-2.032778,2,4,60
29/12/2023,17:05,53.400083,-2.053307,1,1,30
30/12/2023,05:40,53.448781,-2.135098,2,1,70
11/06/2023,09:50,53.583476,-2.52043,1,1,40
29/12/2023,18:30,53.260558,-2.506276,2,1,30
21/01/2023,17:10,53.101541,-2.421275,1,1,30
31/01/2023,04:30,53.42662,-2.554028,2,1,70
19/03/2023,03:15,53.360334,-2.056638,2,7,30
19/03/2023,21:30,53.420072,-2.622226,2,1,70
31/03/2023,23:15,53.104464,-2.405396,2,1,60
09/04/2023,18:25,52.986666,-2.597983,1,5,60
15/04/2023,20:28,53.310195,-2.354214,2,1,30
29/04/2023,03:45,53.426822,-2.552917,2,3,70
15/05/2023,08:50,53.10062,-2.546229,2,2,60
07/08/2023,09:00,53.146492,-2.929133,2,2,70
11/08/2023,19:56,53.332647,-2.725797,1,1,30
17/08/2023,21:40,53.414648,-2.53991,1,1,70
15/09/2023,16:45,53.29585,-2.616578,2,2,60
20/09/2023,06:44,53.180273,-2.853551,1,1,70
24/09/2023,02:08,53.160176,-2.240554,1,1,30
02/11/2023,22:20,53.343625,-2.028048,1,5,60
05/11/2023,10:45,53.212996,-2.89595,2,2,30
11/11/2023,12:38,53.18557,-2.845575,1,1,70
20/11/2023,20:17,53.354206,-2.470502,2,1,50
08/12/2023,17:00,53.238479,-2.802865,3,1,50
11/12/2023,08:08,53.192549,-2.865125,2,1,20
06/01/2023,11:53,54.976401,-1.635452,2,1,30
27/01/2023,14:39,54.968407,-2.468164,1,1,30
17/02/2023,10:05,54.807386,-1.433927,1,1,30
12/03/2023,00:35,55.159992,-1.665327,1,2,30
05/04/2023,20:43,55.159276,-1.611595,1,1,40
14/04/2023,20:47,54.850513,-1.392938,2,2,70
17/03/2023,12:55,55.394089,-1.774623,3,1,60
11/05/2023,12:30,54.945411,-1.445978,2,1,30
13/05/2023,18:02,55.177887,-2.036336,1,1,60
10/05/2023,13:17,54.971747,-2.270764,2,2,60
12/05/2023,09:50,55.179067,-1.607163,1,1,60
27/05/2023,09:30,55.106492,-1.845709,1,1,60
04/05/2023,23:42,54.927639,-1.739208,2,1,40
22/06/2023,01:05,54.904302,-1.385065,2,1,20
10/06/2023,01:40,54.991895,-1.615337,1,1,40
02/07/2023,15:25,55.03189,-1.579347,2,2,30
25/07/2023,17:01,55.120993,-2.14038,1,2,60
17/08/2023,19:35,54.983018,-1.613063,1,1,50
29/08/2023,12:37,55.073826,-1.466194,2,3,60
29/09/2023,04:47,55.073016,-1.643078,1,1,60
15/10/2023,16:12,54.995192,-1.683736,1,5,30
19/10/2023,14:29,54.900023,-1.381185,1,1,30
01/10/2023,12:57,55.032091,-2.03165,2,5,60
30/11/2023,09:06,54.979211,-1.988361,6,4,70
30/11/2023,17:47,54.98431,-2.212063,3,4,60
18/12/2023,16:00,54.924329,-1.578129,1,1,30
23/12/2023,10:03,55.595672,-1.814395,2,4,60
22/12/2023,21:30,55.109615,-1.618644,3,5,60
21/01/2023,19:39,54.811704,-1.706875,1,1,60
25/01/2023,17:20,54.575866,-1.940595,1,2,60
27/01/2023,05:39,54.586084,-1.563184,1,1,50
08/02/2023,17:26,54.702618,-1.433632,1,1,30
11/02/2023,19:09,54.527677,-1.548295,1,2,30
23/03/2023,19:29,54.731665,-1.679982,3,2,60
25/03/2023,02:35,54.749441,-1.359806,2,2,30
19/04/2023,16:20,54.529168,-1.552852,2,1,30
06/05/2023,13:40,54.658118,-1.632507,1,1,60
03/06/2023,19:02,54.741558,-1.996613,3,1,60
16/07/2023,08:35,54.815822,-1.818325,2,2,60
29/07/2023,06:46,54.72734,-1.649893,2,3,60
12/08/2023,01:02,54.698568,-1.748995,1,1,60
03/09/2023,23:35,54.884041,-1.694551,1,2,60
05/09/2023,07:55,54.658691,-1.652994,3,1,60
28/09/2023,05:29,54.62167,-1.732897,2,2,60
21/10/2023,22:00,54.860207,-1.785816,1,5,60
22/11/2023,17:39,54.776682,-1.742013,3,1,60
23/11/2023,08:40,54.549513,-1.644862,2,1,60
02/12/2023,13:10,54.845497,-1.7972,2,1,60
15/12/2023,09:34,54.898577,-1.682466,3,1,60
16/12/2023,23:40,54.773449,-1.571212,1,1,30
16/12/2023,15:28,54.613873,-1.823188,2,3,60
25/12/2023,15:28,54.705583,-1.594988,2,3,30
07/01/2023,17:57,53.726808,-0.991064,1,2,60
01/02/2023,10:29,54.357012,-1.324789,1,1,70
06/03/2023,13:45,54.464948,-1.326315,1,2,70
02/04/2023,17:20,53.929535,-1.792767,2,1,60
02/04/2023,12:08,53.909921,-1.645435,2,1,60
01/05/2023,12:23,54.405791,-1.795074,2,1,60
16/04/2023,13:29,54.250097,-0.380294,1,1,60
27/03/2023,01:20,53.915411,-1.174659,1,1,70
22/03/2023,15:46,53.960189,-2.020005,2,3,30
17/06/2023,18:50,53.712422,-1.189394,2,3,60
23/06/2023,20:43,54.269128,-0.489145,1,1,60
28/06/2023,14:31,54.237267,-1.498507,2,1,60
30/03/2023,14:56,53.969954,-1.313985,2,2,60
24/06/2023,14:19,54.021727,-1.314538,2,7,60
13/07/2023,20:29,53.870617,-1.060214,2,2,60
07/07/2023,20:27,54.276584,-0.415979,1,5,30
29/07/2023,18:28,54.166367,-1.079901,2,1,60
03/08/2023,19:45,53.942867,-1.129769,1,1,30
16/06/2023,12:12,54.092549,-2.329369,3,1,60
18/06/2023,01:21,53.916745,-1.528495,3,3,60
20/08/2023,20:20,54.362057,-0.945045,3,1,60
25/08/2023,12:30,53.697944,-1.026667,2,1,60
26/08/2023,17:18,54.048292,-1.547703,2,3,60
12/09/2023,18:50,54.066296,-1.67335,1,1,60
20/09/2023,14:40,53.760586,-1.221231,2,1,60
21/08/2023,20:16,54.006086,-1.074132,1,1,30
07/10/2023,07:11,54.166686,-2.522671,2,1,60
20/06/2023,16:45,54.236511,-1.220831,1,1,60
08/10/2023,19:00,54.506107,-0.823191,2,6,60
18/08/2023,08:10,53.984617,-2.083364,3,1,60
17/08/2023,07:00,53.969976,-1.978531,1,1,60
21/10/2023,13:24,53.958466,-2.042788,1,2,60
13/11/2023,16:00,53.992402,-1.530097,1,1,30
03/12/2023,14:27,54.232312,-0.608641,1,1,60
03/09/2023,14:21,54.062501,-1.538045,3,8,60
13/12/2023,23:10,54.310713,-1.571345,2,1,70
05/12/2023,15:08,54.012907,-0.990261,2,3,60
28/12/2023,11:48,54.448453,-0.798657,1,3,60
06/11/2023,17:38,54.013554,-1.557312,1,1,40
03/01/2023,23:45,53.84552,-1.765139,2,2,30
09/01/2023,11:00,53.750065,-1.82733,2,2,50
11/01/2023,22:22,53.689627,-1.832347,1,1,50
13/01/2023,21:05,53.809938,-1.651092,1,1,30
16/01/2023,08:45,53.812279,-1.537929,3,3,30
25/01/2023,17:30,53.769309,-1.533728,1,1,30
01/02/2023,14:27,53.648953,-1.928255,1,1,30
01/02/2023,23:42,53.798932,-1.710303,2,1,30
03/02/2023,00:01,53.73158,-1.66699,1,5,30
10/02/2023,22:31,53.695428,-1.422744,2,1,30
22/02/2023,08:25,53.803799,-1.612849,1,2,40
23/02/2023,13:22,53.722558,-1.667531,2,1,40
13/03/2023,12:00,53.862666,-1.909188,3,1,30
25/03/2023,18:10,53.816293,-1.627361,2,2,30
15/04/2023,22:27,53.800903,-1.543323,1,1,30
24/04/2023,01:30,53.778828,-1.788562,3,3,30
27/04/2023,16:23,53.724448,-1.356663,2,1,30
07/05/2023,17:35,53.713685,-1.92713,3,6,40
13/05/2023,18:13,53.710991,-1.285084,2,4,70
13/05/2023,13:07,53.67627,-1.917339,5,1,30
20/05/2023,10:10,53.679177,-1.638169,1,1,30
24/05/2023,17:55,53.617491,-1.696534,2,3,30
19/06/2023,12:15,53.846807,-1.530056,2,1,20
08/07/2023,11:09,53.719219,-1.870643,1,1,30
08/06/2023,12:27,53.719381,-1.426356,1,1,30
21/07/2023,00:36,53.765193,-1.560064,5,3,40
12/08/2023,08:26,53.658563,-1.530683,2,4,70
05/08/2023,21:46,53.723426,-1.738843,1,1,70
28/08/2023,14:01,53.670322,-1.522167,3,1,30
30/08/2023,17:59,53.641097,-1.842885,2,1,30
11/08/2023,09:55,53.771325,-1.823495,3,2,30
21/07/2023,18:56,53.778132,-1.728732,2,2,40
11/09/2023,00:30,53.700419,-1.92791,1,1,40
26/09/2023,16:53,53.722816,-1.723071,3,1,30
29/09/2023,03:15,53.842233,-1.578573,1,4,70
11/10/2023,16:28,53.856903,-1.90724,2,2,20
20/10/2023,23:17,53.752456,-1.809683,2,6,20
31/10/2023,11:14,53.859168,-1.896151,1,1,30
04/11/2023,16:35,53.798317,-1.756946,1,1,30
11/11/2023,18:47,53.6573,-1.848196,2,2,40
20/11/2023,15:08,53.802819,-1.607483,1,3,40
11/12/2023,09:15,53.804684,-1.617123,1,1,40
13/12/2023,12:20,53.787007,-1.773996,1,1,30
15/12/2023,20:35,53.638635,-1.972602,2,5,70
17/12/2023,06:15,53.630681,-2.019393,4,1,70
19/12/2023,19:04,53.831826,-1.713328,1,1,30
19/12/2023,20:56,53.781593,-1.758621,2,1,30
23/12/2023,07:10,53.639503,-1.479606,1,1,40
16/01/2023,13:49,53.376794,-1.508847,1,1,40
02/01/2023,21:32,53.391617,-1.376066,3,3,50
20/01/2023,07:24,53.423333,-1.417782,2,1,30
20/01/2023,21:07,53.586246,-1.416845,3,2,30
26/01/2023,18:23,53.382207,-1.239756,2,1,60
01/02/2023,05:53,53.428496,-1.239262,2,1,30
10/02/2023,13:09,53.351465,-1.386687,3,1,30
17/02/2023,21:45,53.352703,-1.186212,1,1,60
26/02/2023,01:24,53.38141,-1.432725,2,5,50
05/03/2023,08:48,53.547305,-1.067405,1,1,60
04/03/2023,20:35,53.373268,-1.521559,1,1,30
09/03/2023,11:39,53.587593,-1.056064,3,2,60
04/04/2023,23:40,53.438314,-1.321731,2,1,40
10/04/2023,23:05,53.366257,-1.358568,3,1,40
19/04/2023,16:54,53.465646,-1.464758,1,1,30
29/04/2023,22:55,53.388483,-1.477799,1,1,30
05/05/2023,10:45,53.35555,-1.478352,1,1,30
05/05/2023,23:58,53.434256,-1.356702,1,2,40
13/06/2023,14:45,53.535097,-1.234366,2,1,60
09/07/2023,00:49,53.42715,-1.485648,1,1,30
11/07/2023,06:34,53.356753,-1.311307,1,3,30
28/07/2023,22:25,53.538548,-1.599232,2,1,60
14/08/2023,01:54,53.518774,-1.132915,1,1,20
17/08/2023,19:30,53.411371,-1.325906,1,1,40
31/08/2023,15:34,53.600371,-1.389028,2,1,60
24/09/2023,15:55,53.389957,-1.641286,2,4,50
29/09/2023,18:05,53.390853,-1.517768,2,1,30
09/10/2023,20:42,53.545024,-1.472918,1,1,30
26/10/2023,07:33,53.58994,-1.498268,2,1,30
11/11/2023,23:11,53.398999,-1.516187,1,3,20
13/11/2023,11:13,53.480212,-1.478,2,2,60
15/11/2023,13:15,53.366934,-1.323196,2,2,30
19/11/2023,01:19,53.384625,-1.284832,1,1,60
22/11/2023,07:34,53.529441,-1.469566,2,1,30
26/11/2023,23:36,53.433532,-1.390203,5,2,30
05/12/2023,19:19,53.348833,-1.449622,4,1,30
09/12/2023,08:15,53.467806,-1.034168,1,1,60
09/11/2023,19:53,53.511266,-1.443826,1,1,70
11/01/2023,16:45,53.682429,-0.407881,2,1,60
08/02/2023,16:35,53.782661,-0.387347,1,2,30
03/02/2023,19:10,53.750785,-0.373341,2,1,30
24/02/2023,21:45,53.577541,-0.700101,1,2,50
24/02/2023,08:53,53.734496,-0.368649,3,1,30
07/03/2023,16:45,53.652685,-0.508549,1,1,30
09/03/2023,22:04,53.576134,-0.722996,1,4,30
10/03/2023,21:05,53.603531,-0.220943,2,2,70
02/04/2023,11:49,53.906307,-0.808679,1,1,60
21/05/2023,17:09,53.555661,-0.108455,2,1,30
11/06/2023,14:15,53.741895,0.006746,2,1,60
16/06/2023,14:18,53.719371,-0.451587,2,1,30
02/07/2023,11:30,53.610791,-0.192536,2,1,40
08/07/2023,01:03,53.555136,-0.815651,1,4,30
14/07/2023,15:20,53.918596,-0.788169,3,2,50
17/08/2023,14:40,54.001356,-0.724313,2,3,60
22/08/2023,08:57,53.537927,-0.173941,2,3,50
10/09/2023,19:55,53.764187,-0.122899,1,4,60
11/09/2023,08:53,53.551349,-0.109206,2,1,30
11/09/2023,20:08,53.664426,-0.449168,2,1,70
12/09/2023,00:20,53.710765,-0.192647,1,1,60
15/09/2023,20:36,53.71629,-0.446836,3,1,70
05/10/2023,09:59,53.767541,-0.269928,2,1,30
06/10/2023,14:20,53.55506,-0.584476,4,3,70
23/10/2023,02:33,53.597692,-0.197841,1,2,70
30/10/2023,15:56,53.972963,-0.253439,2,5,60
04/11/2023,17:49,53.743223,-0.361259,1,1,30
24/11/2023,15:00,54.102181,-0.360277,2,3,60
05/12/2023,09:07,53.612035,-0.424951,2,4,70
08/12/2023,07:40,53.767598,-0.327856,2,1,30
14/12/2023,11:30,53.749555,-0.351686,1,1,30
26/12/2023,16:50,54.001705,-0.755091,2,8,60
17/11/2023,22:16,54.663734,-1.220198,2,1,40
30/06/2023,20:05,54.534229,-1.074554,1,2,30
02/01/2023,16:57,54.564281,-1.229675,1,1,30
23/11/2023,17:20,54.580641,-1.256086,2,1,30
08/06/2023,21:58,54.587476,-1.324311,2,1,30
11/07/2023,17:19,54.57341,-1.30974,1,1,30
25/11/2023,12:15,54.566494,-1.332871,1,1,30
02/03/2023,13:10,54.618272,-1.320735,2,3,60
07/07/2023,16:11,54.617005,-1.247727,2,1,60
20/01/2023,08:20,52.449341,-1.463148,4,2,70
26/01/2023,20:37,52.535528,-2.106074,1,2,30
04/03/2023,05:09,52.387988,-1.507635,1,1,30
18/03/2023,14:50,52.45469,-1.781958,1,1,30
21/03/2023,17:58,52.49034,-2.164905,2,1,30
29/04/2023,05:40,52.482685,-2.027713,3,4,30
01/05/2023,17:17,52.489486,-1.879443,1,3,40
08/05/2023,00:55,52.487174,-1.990973,3,1,30
16/05/2023,14:10,52.463829,-1.888697,2,1,40
17/05/2023,15:00,52.505573,-2.09563,1,1,30
28/04/2023,03:55,52.598048,-2.164911,1,1,30
29/05/2023,17:05,52.522434,-1.870584,1,1,20
28/05/2023,08:44,52.586129,-2.149989,3,5,30
06/05/2023,05:39,52.406792,-1.515628,1,1,20
31/05/2023,17:31,52.536667,-1.836146,2,1,30
08/06/2023,09:35,52.539902,-2.088996,1,1,30
01/07/2023,01:34,52.495497,-1.852973,1,1,30
31/05/2023,13:03,52.451728,-1.909843,2,7,30
21/07/2023,23:56,52.601541,-1.949476,2,4,30
14/08/2023,10:08,52.457425,-2.131169,1,1,30
30/06/2023,23:26,52.568561,-2.101153,2,2,30
08/06/2023,18:18,52.463341,-1.832989,2,1,40
02/08/2023,23:25,52.48989,-1.908823,3,3,30
20/09/2023,02:02,52.430185,-1.950274,1,1,30
27/07/2023,19:06,52.612779,-1.981304,1,1,20
16/10/2023,00:37,52.436352,-1.917362,4,3,30
15/10/2023,13:33,52.50857,-1.839831,1,2,40
29/09/2023,20:04,52.470175,-2.111231,1,1,30
08/09/2023,21:27,52.545483,-1.9359,1,1,30
30/09/2023,08:26,52.475788,-1.966315,2,3,30
27/10/2023,22:30,52.533767,-1.777439,2,2,70
10/11/2023,18:40,52.458075,-2.120178,3,1,30
19/11/2023,09:05,52.490878,-1.87776,1,1,40
18/10/2023,03:46,52.572333,-2.02026,2,3,30
25/11/2023,15:37,52.563692,-2.085563,5,11,30
04/12/2023,16:02,52.510838,-1.822657,1,2,30
06/12/2023,14:22,52.656213,-1.941741,1,1,40
11/12/2023,20:16,52.539042,-1.968803,2,1,70
10/12/2023,01:47,52.46216,-1.882652,2,7,30
26/12/2023,20:05,52.480252,-1.774102,2,7,30
02/10/2023,02:13,52.509468,-1.952159,2,3,30
07/12/2023,18:31,52.380772,-1.497887,2,1,70
01/01/2023,03:25,52.736457,-1.772307,1,1,60
02/01/2023,18:30,53.054716,-1.904401,2,3,50
01/01/2023,16:05,52.679599,-2.049108,2,1,50
18/01/2023,05:55,52.647615,-2.045894,2,1,60
12/03/2023,01:05,52.640778,-2.181742,1,1,60
13/03/2023,06:45,52.519809,-2.151398,2,2,60
13/03/2023,09:11,53.005945,-2.210143,1,1,30
09/04/2023,16:08,52.831733,-1.899146,4,2,60
27/04/2023,21:26,53.021116,-2.046247,1,2,40
04/05/2023,23:03,52.599245,-1.709208,2,4,50
18/05/2023,08:17,52.623642,-2.039251,3,1,70
20/05/2023,11:15,52.660933,-1.713176,3,1,60
20/05/2023,18:41,52.620009,-2.078539,4,2,50
29/05/2023,22:25,52.669509,-1.785313,1,2,60
04/05/2023,15:31,53.032826,-2.208663,3,3,30
17/06/2023,17:26,53.065088,-2.162514,1,1,30
19/06/2023,22:41,52.638071,-1.694528,2,1,30
29/06/2023,05:51,52.683461,-2.098445,3,1,70
02/07/2023,19:18,52.986571,-2.138326,1,1,50
12/08/2023,14:40,52.935193,-1.857114,2,4,60
04/09/2023,08:23,52.825059,-1.895244,2,1,50
13/09/2023,08:28,52.804628,-1.64818,2,1,30
01/10/2023,07:15,53.01422,-2.340173,1,1,60
05/10/2023,05:43,52.795071,-1.663221,3,1,40
19/10/2023,19:45,52.750116,-1.821392,1,1,30
26/10/2023,18:28,52.652601,-2.106461,2,1,40
27/10/2023,12:15,53.039436,-2.248799,2,1,30
29/10/2023,12:38,52.672829,-2.022702,2,1,30
06/11/2023,18:34,52.643778,-2.183365,1,1,70
20/11/2023,14:00,52.690131,-2.03505,1,1,30
23/11/2023,15:23,52.961997,-2.19464,1,1,50
25/11/2023,09:19,52.800331,-1.642045,1,1,30
01/12/2023,15:53,52.877379,-1.936067,2,1,60
01/12/2023,14:00,52.941088,-2.225065,3,6,50
05/12/2023,12:15,52.724688,-2.117135,1,1,30
06/12/2023,11:37,52.804202,-2.115554,1,1,30
09/12/2023,07:41,52.814045,-1.655968,2,1,70
09/12/2023,07:00,53.021153,-2.159575,2,2,30
12/12/2023,04:40,52.819256,-1.639961,2,1,30
16/12/2023,23:45,52.992481,-2.098269,1,1,30
21/12/2023,23:20,52.668831,-2.008046,2,2,60
24/12/2023,20:43,52.957839,-2.026232,3,5,40
13/01/2023,17:00,52.299755,-1.893918,4,1,40
13/01/2023,17:45,52.270537,-2.309534,1,1,40
24/01/2023,11:29,52.356008,-2.700523,2,1,60
23/01/2023,03:14,52.755126,-2.888702,4,1,60
30/01/2023,12:00,52.060529,-2.704349,2,1,30
01/02/2023,15:00,51.922541,-2.576434,1,1,30
15/02/2023,18:44,52.157482,-2.265817,1,1,50
04/02/2023,11:59,52.774445,-2.674642,2,2,60
14/03/2023,20:20,52.119571,-1.860316,1,1,60
18/03/2023,12:40,52.480159,-2.445275,3,1,60
18/03/2023,21:39,52.212612,-2.179884,1,1,40
26/03/2023,15:10,52.159293,-2.063485,1,2,60
20/04/2023,08:15,52.351402,-1.902633,2,2,60
26/04/2023,11:45,52.894219,-2.869932,3,1,60
07/05/2023,18:20,52.45956,-2.565823,2,1,60
10/05/2023,23:00,52.404636,-2.153222,2,1,50
10/05/2023,22:15,52.362144,-2.370089,2,6,50
11/05/2023,16:21,52.545595,-2.40857,2,3,60
18/05/2023,13:45,52.922302,-2.660875,2,2,60
27/05/2023,00:20,52.660951,-2.370495,1,4,30
20/06/2023,07:00,52.383343,-2.033013,1,1,70
01/07/2023,14:20,52.567808,-3.079456,1,1,60
10/07/2023,11:50,52.715601,-2.917772,3,3,60
16/07/2023,00:02,52.767824,-2.546336,3,2,40
26/07/2023,07:47,52.388595,-1.866111,2,3,40
03/08/2023,15:00,52.012191,-2.228718,2,3,60
08/08/2023,12:00,52.111401,-2.328333,4,5,30
10/08/2023,20:30,52.056611,-1.886326,4,4,60
11/08/2023,05:25,52.065745,-1.895872,2,1,40
20/08/2023,05:09,52.861868,-3.029243,1,1,60
14/08/2023,16:21,52.159239,-2.721973,2,2,50
30/08/2023,17:50,52.114011,-1.940972,1,1,60
21/08/2023,16:30,52.366449,-2.311423,2,1,60
05/09/2023,02:10,52.703856,-2.458649,1,4,60
29/09/2023,14:25,52.196907,-3.021651,2,1,50
01/10/2023,00:01,52.706738,-2.919925,3,3,60
08/10/2023,02:41,52.036121,-2.673308,1,1,60
12/10/2023,19:05,52.940521,-2.661257,3,2,60
23/10/2023,16:20,52.055324,-1.884973,3,2,60
18/10/2023,12:43,51.891881,-2.655499,2,1,60
16/10/2023,12:49,52.541954,-2.387156,2,1,60
26/11/2023,19:22,52.719382,-2.821515,2,3,60
31/10/2023,13:52,52.621201,-2.60194,2,2,60
27/11/2023,20:27,52.348191,-2.074414,2,1,70
28/11/2023,18:14,52.594995,-2.540522,1,2,60
29/11/2023,15:16,52.900598,-2.616302,4,1,60
17/11/2023,15:40,52.635924,-2.938328,2,3,60
10/12/2023,10:20,52.644168,-2.473675,1,1,60
09/12/2023,10:16,52.540267,-2.459035,2,4,60
07/12/2023,08:00,52.763723,-2.546552,2,2,40
17/12/2023,10:59,52.029121,-2.770919,3,1,60
14/01/2023,11:57,52.279772,-1.701115,3,3,40
02/01/2023,12:41,52.36359,-1.514617,2,1,50
15/02/2023,04:13,52.084818,-1.638322,2,2,60
11/04/2023,07:36,52.175995,-1.444873,5,1,70
21/04/2023,16:05,52.056768,-1.662584,2,7,60
09/05/2023,22:35,52.496797,-1.698925,1,1,30
21/05/2023,19:37,52.155146,-1.501086,2,1,40
05/06/2023,16:30,52.346176,-1.765757,1,1,40
05/06/2023,13:08,52.437769,-1.428234,2,1,70
11/06/2023,16:20,52.553818,-1.557654,2,1,60
13/06/2023,23:22,52.533574,-1.495188,2,1,30
05/06/2023,01:00,52.256451,-1.322581,1,2,60
03/07/2023,15:26,52.512725,-1.557772,1,2,50
15/07/2023,18:09,52.282768,-1.661927,2,2,70
25/07/2023,14:37,52.314632,-1.218376,3,2,50
15/07/2023,01:41,52.592721,-1.653348,2,1,70
25/08/2023,18:15,52.389223,-1.2514,2,1,30
10/09/2023,20:32,52.533328,-1.723059,2,1,50
04/10/2023,12:49,52.355569,-1.878456,1,1,50
13/10/2023,20:39,52.201548,-1.783783,2,1,50
24/10/2023,09:57,52.173024,-1.713236,2,1,50
28/10/2023,07:36,52.043212,-1.529393,1,1,60
14/10/2023,20:01,52.201208,-1.77998,2,5,60
01/11/2023,16:42,52.074107,-1.646112,2,1,60
15/11/2023,22:30,52.586474,-1.741838,1,2,60
23/11/2023,22:58,52.411572,-1.387085,1,6,50
14/12/2023,21:22,52.194211,-1.595566,2,1,30
06/01/2023,02:00,52.878295,-1.629755,1,1,70
07/01/2023,00:24,53.212396,-1.676911,1,2,30
06/02/2023,16:50,52.884264,-1.754861,2,2,70
11/03/2023,04:25,52.829213,-1.400788,1,1,40
28/03/2023,15:35,53.114224,-1.754393,2,1,50
02/04/2023,15:36,53.041856,-1.576347,4,1,40
16/04/2023,10:30,52.867745,-1.49854,1,2,70
30/04/2023,11:59,53.265529,-1.196848,2,3,60
20/05/2023,17:45,53.249972,-1.84339,2,1,50
13/06/2023,10:20,52.951531,-1.433541,2,1,40
13/06/2023,14:00,52.924964,-1.440462,2,2,30
15/06/2023,13:35,53.194535,-1.32946,3,1,50
08/07/2023,00:10,53.256265,-1.267308,1,4,60
01/07/2023,13:42,53.337154,-1.404103,2,1,60
28/04/2023,04:42,52.913569,-1.300153,1,1,70
17/07/2023,21:55,52.916584,-1.469422,1,1,30
06/08/2023,09:25,53.184121,-1.490175,3,1,50
19/08/2023,09:26,53.070217,-1.369316,2,2,30
06/09/2023,11:30,53.148657,-1.602854,2,1,30
22/09/2023,02:10,52.89983,-1.29361,1,1,40
10/10/2023,14:50,53.278044,-1.307653,1,2,40
01/11/2023,19:45,53.213369,-1.391895,1,1,70
07/11/2023,07:25,53.315635,-1.892864,3,1,40
12/11/2023,20:02,52.925706,-1.460817,1,1,30
14/11/2023,18:32,52.941438,-1.447259,2,1,30
15/11/2023,21:00,52.878311,-1.713751,1,2,40
16/11/2023,14:45,52.902832,-1.550438,2,1,40
25/11/2023,11:53,53.29149,-1.304421,1,1,60
07/12/2023,17:45,53.166422,-1.498731,2,1,50
09/12/2023,10:10,53.192652,-1.490313,3,2,50
23/01/2023,11:30,53.134554,-1.227587,1,1,40
01/02/2023,17:21,53.324653,-0.935459,1,1,30
04/03/2023,10:14,52.958002,-1.145854,2,1,30
09/03/2023,09:48,53.412203,-1.04113,2,2,60
17/03/2023,22:40,52.965389,-1.181338,1,1,30
20/03/2023,15:50,52.948584,-1.227792,1,2,20
05/05/2023,10:57,53.12155,-1.278386,1,1,30
07/05/2023,12:30,52.944924,-0.959893,2,1,60
18/05/2023,22:33,53.071754,-0.817954,1,2,30
10/06/2023,18:42,53.147343,-0.834002,1,1,60
13/06/2023,17:11,53.467309,-0.951733,2,2,60
11/07/2023,07:17,53.085642,-0.855558,2,2,50
12/07/2023,03:59,53.118328,-1.187102,2,1,40
27/07/2023,14:36,52.92871,-1.202246,3,1,40
08/09/2023,17:30,53.22274,-1.022225,4,8,60
12/09/2023,19:44,53.109451,-1.063996,2,2,50
15/09/2023,14:56,52.983445,-1.044586,2,1,30
16/09/2023,04:19,53.138773,-0.854072,1,2,60
16/10/2023,16:20,52.934369,-1.135934,1,1,30
24/10/2023,21:42,53.093542,-0.786445,1,1,70
22/11/2023,21:27,52.965826,-1.091742,2,3,20
07/12/2023,16:33,53.017822,-1.314672,1,1,30
03/12/2023,02:55,53.012964,-1.315524,1,1,70
13/12/2023,03:23,52.957929,-1.145736,1,1,30
20/12/2023,06:32,52.951509,-0.914159,2,1,60
23/12/2023,04:05,53.235489,-1.082449,1,1,60
19/12/2023,18:35,52.937868,-1.226287,1,1,40
05/01/2023,16:40,53.139567,-0.398379,1,1,30
12/01/2023,06:00,52.790603,-0.14521,2,1,30
27/02/2023,06:15,53.120102,-0.526391,2,5,50
01/03/2023,15:14,53.413747,-0.700512,2,3,60
16/03/2023,23:17,53.155173,0.301568,1,1,60
23/03/2023,11:25,52.787827,-0.156347,2,1,30
11/04/2023,08:39,53.139331,0.304384,1,1,60
24/04/2023,09:04,53.452815,-0.05512,2,2,60
12/05/2023,15:16,52.777627,-0.281215,3,4,60
21/05/2023,12:32,53.360222,0.071227,1,1,60
30/05/2023,14:41,53.363089,-0.063598,2,4,60
04/06/2023,10:53,53.285552,-0.540566,2,1,50
07/06/2023,00:30,53.386535,-0.016008,1,1,60
09/06/2023,22:45,52.886982,-0.717714,1,1,60
16/06/2023,14:40,53.018324,-0.024565,2,2,60
16/06/2023,16:00,53.559727,-0.334736,1,1,60
22/06/2023,19:39,53.219384,-0.533619,2,3,30
22/06/2023,20:40,53.186511,-0.115657,1,3,60
17/07/2023,17:15,53.166726,-0.092138,1,1,60
21/07/2023,08:20,53.08608,-0.142535,2,1,60
21/07/2023,19:15,52.746262,-0.411713,4,4,40
04/08/2023,17:30,53.301016,-0.166266,2,4,60
05/08/2023,05:40,53.161447,-0.501222,1,1,60
07/08/2023,13:16,53.457038,-0.581879,2,6,60
24/06/2023,08:00,52.928645,-0.660145,1,1,30
12/08/2023,12:20,53.199649,0.336786,1,1,40
03/09/2023,04:56,52.901401,-0.113659,2,2,60
05/09/2023,16:35,52.98493,0.022671,2,2,50
06/09/2023,14:21,53.222724,-0.609748,2,2,60
21/09/2023,12:30,53.477171,-0.737918,2,1,60
21/09/2023,21:10,53.443751,-0.04781,1,1,60
22/09/2023,02:32,53.392768,-0.753875,3,2,30
02/10/2023,15:30,53.289838,0.277743,2,7,50
04/10/2023,15:24,52.917239,-0.321309,3,4,60
09/10/2023,15:30,52.968001,-0.076465,2,1,50
22/10/2023,16:59,53.456356,-0.006503,1,1,60
06/11/2023,16:55,53.12874,0.281918,2,3,60
12/11/2023,22:00,53.226861,-0.550292,1,1,30
24/11/2023,14:45,53.126254,0.271383,3,1,50
24/11/2023,15:37,52.770874,-0.257051,3,1,60
27/11/2023,16:50,52.909605,-0.645981,1,1,30
06/12/2023,15:09,53.263801,-0.635734,2,1,60
18/12/2023,16:15,52.861506,-0.347481,1,1,60
20/12/2023,15:35,52.79878,0.088237,2,1,70
09/01/2023,14:45,52.470677,-0.93289,1,1,30
09/01/2023,18:45,52.859866,-1.326697,2,1,60
18/01/2023,15:20,52.628996,-1.01614,2,1,60
20/01/2023,10:00,52.595952,-0.850789,3,1,60
26/01/2023,20:27,52.419748,-1.187772,1,1,70
03/02/2023,02:26,52.635295,-1.15682,2,1,30
18/03/2023,10:20,52.669957,-1.183364,1,1,40
18/03/2023,13:10,52.723806,-1.488406,2,2,50
17/02/2023,07:05,52.645415,-1.216706,2,1,40
02/04/2023,08:45,52.566836,-1.144265,1,1,60
07/04/2023,03:00,52.687468,-1.323064,1,1,60
27/04/2023,02:36,52.626806,-1.132902,1,1,30
30/04/2023,05:30,52.701889,-0.447306,1,1,30
23/06/2023,17:44,52.621714,-1.214914,1,1,30
29/06/2023,16:50,52.824817,-1.38675,4,1,60
30/06/2023,15:00,52.561581,-1.366749,2,1,40
07/07/2023,20:00,52.755239,-1.19844,2,1,40
10/07/2023,10:36,52.721944,-1.355325,3,1,30
15/07/2023,08:45,52.688524,-0.919598,3,1,50
02/08/2023,02:07,52.655409,-1.502583,1,1,60
05/08/2023,12:48,52.424353,-1.224158,2,3,50
08/09/2023,16:24,52.519539,-1.372512,2,4,40
09/09/2023,13:21,52.717651,-0.829532,2,2,50
13/09/2023,12:01,52.671393,-0.813761,2,1,60
16/09/2023,20:18,52.637394,-1.167715,2,5,30
25/09/2023,08:17,52.565964,-1.173493,2,2,50
05/09/2023,12:06,52.629285,-1.193651,2,3,40
01/10/2023,15:32,52.853505,-1.276898,2,1,70
03/10/2023,18:20,52.731408,-1.203986,2,3,30
16/10/2023,18:56,52.66482,-1.124831,2,1,50
06/11/2023,08:09,52.597105,-1.080708,1,1,30
29/11/2023,05:50,52.71837,-1.499721,2,1,70
04/12/2023,11:01,52.473784,-1.168964,2,2,60
11/12/2023,08:33,52.757081,-1.491424,1,1,60
15/12/2023,20:30,52.434691,-1.210518,2,7,60
30/12/2023,22:40,52.657995,-1.198371,2,1,40
24/01/2023,05:45,52.408907,-0.739619,2,1,30
10/02/2023,17:56,52.299716,-0.704783,2,2,30
25/02/2023,19:40,52.345107,-0.566651,4,4,60
26/02/2023,14:00,52.318548,-0.512813,2,2,60
01/03/2023,13:00,52.382488,-0.524051,2,1,60
10/03/2023,17:14,52.450944,-0.462636,1,1,60
11/05/2023,23:05,52.395593,-0.749816,1,1,60
07/07/2023,14:22,52.424211,-0.729741,1,1,40
16/09/2023,16:21,52.390692,-0.563029,1,1,70
17/09/2023,23:07,52.480496,-0.835806,1,2,60
10/11/2023,21:21,52.387339,-0.498717,2,3,70
24/11/2023,18:40,52.23694,-0.676223,3,2,60
22/12/2023,21:15,52.337478,-0.645541,2,1,30
07/01/2023,19:57,52.077488,-0.890998,2,2,50
22/03/2023,16:24,52.194825,-0.909953,3,1,70
26/03/2023,02:14,52.18181,-1.24089,1,1,50
03/05/2023,07:15,52.255344,-0.83308,2,1,30
11/08/2023,03:00,52.23988,-1.128906,1,1,60
21/08/2023,06:20,52.27405,-1.158238,1,1,40
22/08/2023,00:20,52.135435,-0.907473,2,2,50
10/09/2023,11:42,52.2242,-1.063188,3,1,60
12/09/2023,17:33,52.330188,-1.095187,2,2,60
25/09/2023,07:16,52.265372,-0.81173,2,1,40
24/10/2023,14:15,52.312371,-1.132604,4,1,60
26/10/2023,11:43,52.258571,-1.170017,1,1,30
22/11/2023,14:00,52.151571,-0.844886,1,1,70
08/12/2023,18:20,52.23946,-1.046655,2,2,70
04/01/2023,17:33,52.581769,-0.252061,2,1,40
03/02/2023,17:01,52.691161,0.101195,1,3,60
08/02/2023,23:10,52.242938,0.151347,1,1,50
12/02/2023,11:40,52.244233,0.111508,1,2,30
28/03/2023,12:35,52.072737,0.074119,3,1,50
06/04/2023,21:05,52.349196,0.333175,2,1,60
19/04/2023,21:08,52.222895,-0.285001,1,1,30
22/04/2023,22:39,52.215692,0.310682,1,2,70
20/05/2023,10:39,52.31697,-0.244599,1,1,70
20/05/2023,17:15,52.390328,0.152042,2,1,50
14/07/2023,15:55,52.312621,-0.135052,3,3,70
03/06/2023,12:05,52.518441,0.149558,2,1,50
28/07/2023,18:10,52.371409,0.151563,2,3,60
04/08/2023,22:31,52.066787,-0.008386,2,2,60
29/08/2023,04:48,52.275679,0.464003,2,1,70
22/10/2023,19:30,52.467399,0.120451,1,2,60
12/08/2023,18:30,52.409233,-0.227971,1,1,60
06/11/2023,10:23,52.337367,0.351063,2,1,60
17/11/2023,06:38,52.224409,-0.173758,4,1,60
17/11/2023,10:46,52.737573,0.147897,2,1,40
28/11/2023,14:48,52.485481,0.346642,3,1,60
24/11/2023,18:05,52.616014,-0.208052,2,3,60
13/01/2023,20:39,52.639294,0.915714,2,5,60
14/01/2023,11:13,52.625776,1.293326,1,1,20
15/01/2023,00:50,52.648082,0.173533,1,1,60
15/01/2023,19:40,52.729852,0.426487,3,4,60
18/01/2023,06:30,52.593195,0.372786,5,4,60
01/02/2023,14:05,52.506272,0.659309,2,2,60
15/02/2023,11:37,52.591745,0.380931,1,1,60
27/02/2023,18:45,52.632768,1.259056,3,1,30
01/03/2023,05:30,52.570255,0.805661,2,1,30
01/03/2023,01:55,52.659302,1.462676,1,1,60
15/03/2023,08:34,52.668201,1.096231,2,1,60
05/04/2023,14:36,52.736966,0.417135,3,2,40
05/05/2023,14:14,52.554015,1.665978,2,6,60
13/05/2023,11:44,52.410533,0.739466,1,1,30
19/05/2023,20:54,52.593301,0.343497,2,3,60
09/06/2023,15:52,52.612722,0.442783,2,2,60
19/06/2023,16:11,52.515389,1.596973,2,2,30
01/07/2023,19:40,52.680742,1.330744,1,1,70
26/07/2023,07:00,52.500364,0.599055,2,2,60
06/08/2023,17:10,52.892023,0.499392,4,3,50
10/08/2023,18:24,52.840049,1.395941,2,1,30
13/08/2023,16:30,52.444222,1.401804,2,3,60
27/08/2023,21:24,52.363201,1.175861,4,2,50
20/08/2023,12:15,52.618172,1.278894,2,1,30
11/08/2023,16:22,52.625586,1.524734,1,1,60
13/09/2023,20:02,52.675666,1.422318,2,2,60
21/09/2023,14:19,52.795291,0.953113,1,1,60
25/09/2023,20:39,52.591614,1.725243,1,1,30
25/09/2023,11:35,52.524028,1.045779,1,1,60
01/10/2023,20:00,52.439812,1.393472,2,4,60
10/10/2023,16:14,52.724815,1.118802,2,1,60
09/11/2023,05:00,52.625355,1.221704,2,1,40
10/11/2023,17:06,52.640679,1.288148,1,1,30
11/12/2023,06:07,52.737233,0.371878,3,2,60
13/12/2023,22:37,52.547165,1.281576,1,1,60
18/01/2023,18:07,52.204081,0.655902,2,3,60
30/03/2023,18:00,52.237504,0.819567,3,2,70
15/04/2023,17:40,52.41167,0.644127,2,3,60
28/04/2023,15:50,52.05567,0.715491,3,2,60
29/04/2023,00:37,52.112617,1.114871,1,2,30
08/05/2023,00:23,52.098462,1.324106,1,1,30
17/05/2023,19:05,52.000921,1.100607,3,2,60
25/05/2023,19:28,52.325383,1.596528,3,1,40
27/05/2023,13:12,52.127308,1.18769,2,1,60
03/06/2023,00:39,52.051718,0.743608,1,1,30
22/06/2023,15:48,52.234848,0.904192,3,2,30
27/06/2023,14:22,52.227991,1.578683,2,1,60
01/07/2023,11:11,52.150477,1.423007,1,1,60
02/07/2023,12:05,52.102131,1.354262,3,2,60
17/08/2023,19:05,52.3857,0.779682,2,5,60
25/08/2023,14:30,52.383355,1.667508,1,1,30
05/09/2023,07:20,52.02436,1.161785,2,3,60
02/11/2023,05:50,52.40079,0.651739,2,1,60
19/12/2023,19:30,52.263907,0.455025,2,4,60
22/12/2023,00:15,52.238261,0.771261,1,2,70
06/03/2023,12:05,51.885315,-0.438796,1,1,40
29/03/2023,13:34,52.081607,-0.405701,1,2,60
04/05/2023,20:39,51.88976,-0.378509,1,1,30
11/05/2023,09:00,52.086563,-0.191506,2,1,60
08/06/2023,09:09,51.896613,-0.400296,2,1,40
29/06/2023,19:36,51.911016,-0.452574,5,1,30
20/07/2023,15:10,52.149088,-0.475787,2,1,30
11/08/2023,15:42,52.028145,-0.552756,2,2,60
07/07/2023,22:05,51.896681,-0.536011,1,1,30
22/09/2023,12:15,52.026282,-0.532264,2,1,20
01/11/2023,14:05,51.884666,-0.407753,1,2,30
07/12/2023,07:22,52.192441,-0.280658,1,1,60
28/12/2023,16:45,51.89938,-0.503308,3,2,30
02/02/2023,18:04,51.73997,-0.474921,1,1,40
02/05/2023,15:35,51.693185,-0.189852,1,1,30
05/05/2023,11:27,51.876163,0.179355,1,1,30
14/05/2023,00:38,51.726558,-0.412735,1,1,40
26/06/2023,16:05,51.721208,-0.359688,1,1,70
22/06/2023,06:00,51.890719,-0.19483,2,1,40
01/07/2023,10:30,51.78416,0.082168,2,3,70
07/04/2023,13:07,51.736951,-0.359538,1,1,70
13/07/2023,13:54,51.618362,-0.40773,1,1,30
13/07/2023,20:00,51.916053,-0.379918,2,2,70
27/06/2023,13:30,51.693113,-0.322462,1,2,30
31/07/2023,04:55,51.728658,-0.390565,3,4,70
31/07/2023,11:30,51.681133,-0.309771,1,1,40
05/08/2023,12:40,51.883849,0.012447,2,2,50
09/08/2023,19:45,51.732072,-0.184287,3,2,50
03/08/2023,13:20,51.776334,-0.160782,1,2,70
19/08/2023,12:45,51.703211,-0.411106,1,2,30
28/08/2023,05:45,51.740512,-0.388159,1,1,70
16/09/2023,22:55,51.683671,-0.184011,1,1,70
24/09/2023,19:50,51.779681,-0.380965,1,1,60
22/09/2023,06:55,51.842344,-0.022213,1,6,70
30/08/2023,07:28,51.692396,-0.29455,1,1,60
06/09/2023,19:30,51.793187,-0.203948,1,1,40
28/09/2023,18:15,51.67534,-0.486305,1,1,60
09/09/2023,20:00,51.665929,-0.383331,2,2,40
03/12/2023,04:32,51.667436,-0.360994,3,1,70
28/01/2023,15:00,51.812064,-0.177824,3,2,60
12/11/2023,18:43,51.931517,-0.246707,3,2,50
26/08/2023,11:06,51.757892,-0.477794,2,1,30
08/01/2023,13:20,51.875257,0.471292,3,2,70
15/01/2023,13:56,51.800471,1.108818,2,2,40
30/01/2023,09:45,51.677612,0.066168,2,3,40
30/01/2023,15:50,51.729934,0.139802,2,3,70
12/03/2023,22:15,51.669819,0.099438,1,1,30
17/03/2023,20:46,51.555326,0.754378,1,1,30
25/03/2023,20:25,51.728203,0.401063,2,3,60
07/04/2023,12:35,51.77818,0.917489,3,1,30
16/04/2023,16:19,51.664357,0.046651,1,2,40
22/04/2023,15:55,52.004563,0.272703,2,3,60
26/04/2023,21:08,51.481927,0.368787,1,1,30
15/05/2023,16:55,51.814186,0.633647,2,1,30
27/05/2023,16:55,51.61512,0.064787,2,6,30
10/06/2023,16:03,51.677372,0.03043,2,1,60
11/06/2023,23:05,51.636888,0.216841,1,1,70
15/06/2023,15:30,51.655204,0.361765,1,3,70
21/06/2023,19:30,51.606389,0.683879,2,1,30
24/06/2023,11:27,51.663349,0.190253,2,1,40
26/06/2023,13:40,51.496566,0.277682,4,2,70
01/07/2023,14:34,51.562558,0.504408,6,5,70
02/07/2023,10:30,51.776972,0.120572,1,1,40
06/07/2023,10:51,51.587529,0.567399,2,1,70
20/07/2023,20:36,51.502992,0.365989,1,2,70
23/07/2023,16:32,51.674802,0.803589,1,2,60
15/08/2023,14:27,51.56267,0.561265,1,1,30
16/08/2023,16:59,51.88873,0.378278,2,1,60
18/08/2023,11:16,51.658676,0.684756,2,3,60
28/08/2023,22:42,51.563552,0.499557,1,1,30
10/09/2023,13:50,51.923428,1.176488,4,1,60
12/09/2023,21:09,51.686269,0.001445,1,1,30
21/09/2023,22:00,51.78339,0.09566,1,2,30
05/10/2023,22:20,51.80721,0.742425,2,1,30
07/10/2023,14:55,51.93068,0.98052,2,1,40
25/10/2023,16:55,51.552851,0.687405,1,1,30
27/10/2023,17:36,51.525278,0.592658,2,1,30
03/11/2023,08:21,51.659831,0.435923,2,2,30
13/12/2023,16:20,51.535698,0.734171,1,1,30
13/12/2023,22:50,51.684719,0.051113,2,1,70
23/12/2023,20:40,51.660107,0.170186,1,1,70
31/12/2023,18:20,51.481585,0.368841,2,1,30
03/12/2023,17:30,51.992308,0.195333,1,1,70
02/01/2023,20:42,51.415722,-0.846025,1,1,40
03/01/2023,09:17,51.677791,-1.301453,1,1,70
08/01/2023,00:12,51.417199,-1.117594,2,2,60
16/01/2023,19:45,52.040394,-0.751103,2,1,40
23/01/2023,08:13,51.621691,-0.818216,6,12,70
03/02/2023,22:25,51.561883,-0.955302,1,2,40
03/03/2023,11:46,51.619099,-1.30208,2,1,40
13/03/2023,23:20,51.767855,-1.301253,1,1,70
24/03/2023,22:36,52.061597,-1.339885,1,1,30
27/03/2023,12:10,51.610531,-1.105894,1,1,50
02/04/2023,16:52,51.535173,-0.585788,2,3,40
12/04/2023,08:14,51.539326,-0.607477,1,1,40
23/04/2023,05:14,52.04839,-0.707132,1,3,70
09/05/2023,17:45,52.031838,-1.366196,2,2,50
11/05/2023,22:57,51.979162,-1.435297,1,1,50
15/05/2023,11:46,51.419861,-0.856404,1,1,40
15/05/2023,17:53,51.670859,-1.188203,2,1,60
18/05/2023,09:08,51.877716,-1.200682,1,5,70
21/05/2023,17:09,51.862407,-0.830247,2,3,60
22/05/2023,12:01,51.599447,-0.679939,2,5,70
26/05/2023,08:26,51.792302,-1.644391,2,1,60
27/05/2023,20:58,51.818999,-0.812539,1,1,30
28/05/2023,15:10,52.132624,-1.357814,2,2,50
13/06/2023,13:20,51.738324,-1.084534,2,1,50
20/06/2023,00:13,51.66599,-1.3476,1,4,30
02/06/2023,12:49,51.992463,-0.965557,2,1,60
04/07/2023,05:54,51.636859,-1.150851,2,1,40
01/08/2023,05:33,52.031767,-0.679783,1,1,60
07/08/2023,14:27,52.01383,-1.3814,2,1,30
03/09/2023,07:30,51.776283,-0.947808,1,1,60
09/09/2023,16:07,51.98634,-1.056508,3,2,70
11/09/2023,19:38,51.388515,-1.320021,1,1,50
23/09/2023,17:54,51.401925,-1.079419,1,1,60
25/10/2023,11:00,51.405746,-1.314202,1,2,40
05/11/2023,09:15,51.488048,-1.379047,1,1,60
16/11/2023,22:04,51.985458,-0.674592,3,3,70
21/11/2023,18:57,51.524902,-0.527855,1,1,30
22/11/2023,22:00,51.597477,-1.144785,1,1,60
21/12/2023,20:34,51.601194,-0.640008,5,1,30
25/12/2023,11:17,51.645324,-1.385313,2,3,50
10/01/2023,19:06,51.328572,-0.783897,1,1,30
16/01/2023,15:05,50.699759,-1.29576,1,1,30
22/01/2023,08:47,51.363146,-1.357727,2,2,70
28/01/2023,23:02,51.05785,-1.266144,2,1,70
15/02/2023,12:33,51.327731,-1.002353,3,1,50
05/03/2023,00:48,50.902733,-1.359927,1,3,30
06/03/2023,18:55,50.883038,-1.445787,2,2,40
08/03/2023,11:54,51.173719,-0.846381,2,3,50
10/03/2023,07:30,51.334755,-0.802754,1,1,40
16/03/2023,12:00,50.797821,-1.166866,1,1,40
20/03/2023,17:23,51.252997,-0.767206,1,1,30
22/03/2023,09:05,51.162552,-1.460579,2,2,60
12/04/2023,22:21,51.21472,-1.508935,2,1,30
15/04/2023,00:25,50.902394,-1.092843,1,1,60
15/04/2023,04:17,50.851326,-1.737915,1,1,70
25/04/2023,14:30,50.601275,-1.188851,1,1,30
16/05/2023,10:43,51.038541,-1.316254,2,1,50
18/05/2023,22:15,50.970276,-1.483587,1,1,60
24/05/2023,07:26,51.010866,-1.001724,2,1,40
03/06/2023,15:55,50.935589,-1.343224,1,1,70
07/06/2023,12:27,51.173457,-0.919786,2,1,60
09/06/2023,17:44,51.114319,-1.156446,3,1,60
14/06/2023,11:20,50.979387,-1.35708,1,1,30
23/06/2023,17:32,50.69747,-1.517624,2,2,40
04/07/2023,12:38,50.743117,-1.68299,1,2,40
01/08/2023,13:30,51.175271,-1.054498,2,1,50
10/08/2023,17:07,51.197853,-1.634929,2,1,60
11/08/2023,13:10,50.946045,-1.505179,2,2,70
14/08/2023,04:49,50.928197,-1.386186,5,1,30
16/08/2023,15:23,50.607739,-1.342682,1,1,60
16/08/2023,22:34,50.839059,-1.211692,2,1,50
15/09/2023,00:35,50.835378,-1.038532,1,1,70
15/09/2023,15:04,50.99535,-1.357215,1,1,60
23/09/2023,20:15,51.260718,-0.930555,3,3,70
28/09/2023,21:33,50.847412,-1.181566,1,1,30
19/10/2023,17:49,51.315762,-1.118795,2,1,60
28/10/2023,11:00,51.137643,-0.96982,1,1,70
29/10/2023,14:00,51.074762,-1.311596,2,2,30
26/11/2023,17:13,50.941109,-1.549709,2,2,70
28/11/2023,05:39,50.825208,-1.045286,2,1,50
29/11/2023,07:41,50.872223,-1.422323,2,2,40
01/12/2023,09:24,51.197405,-1.626617,2,1,70
13/12/2023,05:30,51.090112,-1.3041,1,1,70
19/12/2023,07:23,50.956222,-1.223694,2,1,30
08/01/2023,18:52,51.307094,-0.619638,3,5,40
23/02/2023,02:55,51.257889,-0.076739,1,4,70
01/03/2023,15:26,51.403319,-0.414864,2,5,30
16/03/2023,18:51,51.333581,-0.175024,2,2,40
23/03/2023,16:14,51.252316,-0.561668,3,2,70
07/04/2023,18:55,51.201578,-0.77741,1,1,30
15/04/2023,01:40,51.315803,-0.258916,1,1,40
21/05/2023,00:05,51.330755,-0.270293,1,1,30
21/05/2023,00:40,51.11333,-0.657949,1,1,60
22/05/2023,19:27,51.416109,-0.539636,2,1,70
15/06/2023,09:16,51.293935,-0.591419,2,1,40
28/06/2023,03:31,51.287045,-0.725511,1,1,30
03/07/2023,05:45,51.279071,-0.294617,1,1,60
25/08/2023,05:17,51.442874,-0.526293,2,1,70
08/09/2023,06:10,51.336289,-0.747359,1,1,30
10/09/2023,22:13,51.251343,-0.530374,1,1,50
26/09/2023,20:30,51.201875,-0.588045,2,2,40
30/09/2023,19:29,51.158336,-0.370405,3,1,40
14/10/2023,14:50,51.232823,-0.669057,2,1,40
24/10/2023,20:55,51.223461,-0.757312,3,1,70
24/11/2023,17:20,51.110386,-0.565978,3,3,60
21/12/2023,15:05,51.417457,-0.57093,2,1,40
04/01/2023,20:40,51.310794,0.448742,2,1,30
07/01/2023,17:15,51.142325,0.253308,1,1,20
21/01/2023,22:20,51.376541,1.40251,1,2,30
11/02/2023,22:50,51.377591,0.228387,2,6,40
13/02/2023,05:10,51.117104,1.277082,2,3,60
22/02/2023,14:36,51.111143,0.537342,2,2,60
27/02/2023,04:50,51.339383,1.034491,1,1,70
01/05/2023,12:00,51.138765,0.331662,1,2,70
09/05/2023,14:36,51.38447,0.524121,1,1,20
28/05/2023,17:06,51.029718,0.869645,2,2,60
05/06/2023,17:00,51.106681,0.773287,2,3,60
12/06/2023,04:22,51.321974,0.651433,1,1,70
09/07/2023,05:04,51.24068,0.519062,1,1,40
08/07/2023,22:01,51.231332,0.499542,3,1,30
20/07/2023,07:45,51.236908,0.729321,2,1,50
06/07/2023,07:20,51.376592,0.510711,1,1,30
21/07/2023,14:09,51.390422,0.547851,2,1,30
30/07/2023,00:10,51.126721,0.867566,1,4,50
26/07/2023,17:10,51.349309,0.507998,3,1,40
31/07/2023,16:00,51.38,0.226047,2,4,40
06/08/2023,13:40,51.344448,0.194699,3,1,60
13/08/2023,18:35,51.176924,1.292058,2,6,60
17/08/2023,11:15,51.155948,0.259935,1,2,30
19/08/2023,15:30,51.298876,0.936665,2,2,70
23/08/2023,06:52,51.39541,0.159503,1,3,70
26/08/2023,12:50,51.282836,1.04483,2,1,50
01/09/2023,01:40,51.258636,1.108583,1,1,60
02/09/2023,21:24,51.212225,0.750944,1,3,30
08/09/2023,17:35,51.164176,1.26165,2,5,60
08/09/2023,20:20,51.379547,1.445194,1,1,30
09/09/2023,06:25,51.178809,0.884665,1,1,60
01/10/2023,03:20,51.350109,1.433144,1,4,30
15/10/2023,17:50,51.289826,0.418653,2,1,50
20/09/2023,07:31,51.286892,0.851346,1,1,60
18/10/2023,06:40,51.208125,1.171449,3,2,70
23/10/2023,10:55,51.145828,0.840895,2,2,60
27/10/2023,07:46,51.280772,0.436346,2,2,40
22/10/2023,17:28,51.239606,0.32415,2,2,60
10/09/2023,09:15,51.165371,1.018628,1,1,60
18/11/2023,09:40,51.132059,1.329094,2,4,60
22/11/2023,17:10,51.141236,0.909859,1,1,30
06/12/2023,17:27,51.072476,1.136989,2,1,30
09/12/2023,19:00,51.125265,1.305749,1,1,30
24/11/2023,21:25,51.391994,0.568136,1,1,40
01/01/2023,22:20,50.824538,-0.171062,1,2,30
07/01/2023,17:33,50.790853,-0.660039,1,1,40
16/01/2023,21:24,50.85309,-0.62568,3,3,70
30/01/2023,16:30,50.769374,0.172678,2,1,60
09/02/2023,11:10,51.121174,-0.197354,3,3,30
13/02/2023,18:10,50.916368,-0.154973,1,1,50
13/02/2023,22:45,50.794628,0.266285,2,3,30
16/02/2023,21:31,50.985513,-0.482051,1,1,60
21/02/2023,12:30,50.92965,-0.199289,2,1,40
02/03/2023,11:52,50.949324,-0.150124,1,2,30
15/04/2023,13:53,50.902926,-0.567809,3,1,50
07/05/2023,14:30,50.821168,-0.137119,1,1,20
10/05/2023,21:05,51.061824,-0.422773,3,4,60
13/05/2023,11:49,50.854625,-0.651663,2,1,40
18/05/2023,00:35,50.91084,-0.154566,1,1,50
28/05/2023,20:04,50.82938,-0.313371,2,1,30
10/06/2023,19:37,50.925377,-0.645094,2,7,60
29/06/2023,21:50,50.988889,-0.756248,2,4,60
13/07/2023,12:42,50.917788,0.537364,3,2,50
17/07/2023,21:10,50.863617,0.586452,2,1,30
26/07/2023,19:47,50.775749,0.266805,1,1,30
07/08/2023,23:46,50.80735,0.339832,1,2,50
08/08/2023,11:07,50.836218,-0.166288,2,1,20
03/09/2023,11:58,50.907653,0.483781,2,1,60
30/09/2023,13:20,50.901272,-0.342902,3,1,60
30/09/2023,19:19,51.087849,-0.306386,2,5,50
03/10/2023,14:24,50.925579,-0.48238,1,1,60
06/10/2023,17:10,50.895351,-0.887739,1,1,60
17/10/2023,07:15,51.06731,-0.418805,2,1,60
27/10/2023,23:15,50.906908,0.547982,1,2,60
05/11/2023,01:25,50.854213,-0.72379,1,1,70
16/11/2023,17:50,51.054488,0.446338,1,1,50
18/11/2023,22:59,50.863881,0.248637,2,1,30
20/11/2023,21:50,50.853814,-0.291036,1,5,60
26/11/2023,18:29,50.834297,-0.803063,2,3,70
08/12/2023,12:47,51.05039,0.360951,2,3,60
08/12/2023,14:48,51.046649,-0.832108,1,4,60
10/12/2023,04:59,50.831559,-0.235671,3,6,30
19/12/2023,12:00,51.132707,-0.150395,1,1,70
07/01/2023,02:10,50.376392,-4.108684,1,1,40
12/01/2023,06:56,50.793937,-3.210374,2,1,70
04/02/2023,19:10,50.702248,-3.186416,1,1,60
12/02/2023,12:16,50.264543,-5.114172,1,1,50
13/02/2023,09:21,50.779143,-3.928089,2,2,60
15/02/2023,23:30,51.078394,-4.055975,1,1,30
19/02/2023,11:09,50.351667,-4.0752,3,1,30
13/03/2023,15:34,50.228164,-5.265721,1,1,30
19/01/2023,11:30,50.760933,-3.294921,1,1,60
14/04/2023,14:21,50.293781,-3.78713,2,2,60
18/04/2023,23:30,50.476265,-4.396178,2,3,50
22/04/2023,21:20,50.794304,-4.038698,1,1,60
27/04/2023,15:41,50.563507,-4.333541,2,3,60
28/04/2023,18:43,50.139149,-5.080486,1,1,40
28/04/2023,22:20,50.899027,-4.482024,1,2,60
30/04/2023,23:38,50.598952,-4.464134,2,2,70
05/05/2023,05:45,50.429926,-4.993739,1,1,60
26/05/2023,23:15,50.909361,-3.439326,2,2,40
01/06/2023,08:06,50.629031,-4.368701,2,2,60
16/06/2023,03:26,50.355149,-4.774781,1,1,60
28/06/2023,09:28,50.813519,-2.974628,2,1,60
29/06/2023,00:40,50.8632,-3.090959,1,1,60
21/06/2023,02:46,50.37677,-4.036534,2,1,70
15/07/2023,00:32,50.108901,-5.56131,1,1,30
15/07/2023,05:20,50.730429,-3.442662,1,1,70
20/07/2023,13:36,50.769987,-3.004042,2,1,60
28/06/2023,09:59,50.665718,-4.379774,1,5,60
25/07/2023,21:08,50.413825,-4.429553,2,1,60
26/07/2023,13:32,50.937005,-3.548916,2,1,60
27/07/2023,19:26,50.186517,-5.398985,3,3,60
01/08/2023,07:44,50.388988,-4.815197,2,1,60
03/08/2023,06:56,50.636979,-4.513856,1,1,60
04/06/2023,15:42,51.111349,-4.050152,2,5,60
03/09/2023,16:32,50.781626,-3.920431,2,2,60
06/09/2023,05:30,50.942815,-3.288368,4,1,70
15/07/2023,16:24,50.908038,-3.895717,2,2,60
21/09/2023,11:10,50.163084,-5.459167,2,4,40
13/10/2023,22:15,50.365386,-4.806964,2,1,40
21/10/2023,15:55,50.335165,-4.775781,1,2,30
27/10/2023,17:38,50.481298,-3.577465,2,3,50
03/11/2023,11:09,50.435147,-3.565157,1,1,30
26/10/2023,13:17,50.18441,-5.3132,2,1,60
19/11/2023,00:26,51.095005,-4.124823,1,1,40
14/12/2023,11:10,50.60755,-4.112263,2,2,60
30/12/2023,20:57,50.211422,-5.480847,1,1,30
18/12/2023,13:37,50.349327,-4.731185,1,1,30
16/02/2023,09:25,51.323097,-2.417068,1,1,40
15/04/2023,21:17,51.366827,-2.308597,4,7,60
04/01/2023,07:50,51.12388,-2.516236,2,1,60
16/03/2023,17:09,51.117954,-2.743208,1,1,30
24/03/2023,15:50,50.991314,-3.013656,2,3,60
26/04/2023,22:00,51.144751,-2.974613,2,1,70
10/05/2023,14:15,51.114387,-2.770566,1,1,60
19/03/2023,19:54,51.08065,-2.505005,2,3,60
15/05/2023,14:40,51.026692,-2.599227,2,3,50
20/05/2023,18:55,50.992547,-2.698171,2,1,70
28/05/2023,11:56,51.270369,-2.676802,2,3,60
24/03/2023,16:30,51.27574,-2.279988,2,2,40
08/06/2023,10:23,50.873468,-2.974272,1,1,30
25/07/2023,22:34,51.236593,-2.293243,2,3,60
03/08/2023,16:15,50.948224,-2.670417,2,1,30
07/08/2023,06:30,51.143604,-3.100832,2,1,50
22/08/2023,20:38,51.308703,-2.705442,2,2,60
03/09/2023,17:00,51.279288,-2.277859,4,1,30
05/10/2023,02:45,51.112863,-2.852855,1,1,60
23/11/2023,04:33,50.929884,-2.946294,1,1,60
27/11/2023,07:32,51.116569,-2.783232,2,2,60
28/12/2023,02:10,51.218256,-2.954701,1,1,30
17/11/2023,21:00,51.039566,-3.06533,2,2,30
22/08/2023,16:45,51.251369,-2.249937,3,1,60
29/04/2023,21:00,51.018962,-3.073454,2,1,30
09/01/2023,20:26,51.507179,-2.558525,1,1,40
25/02/2023,01:20,51.445013,-2.589292,1,1,30
17/04/2023,15:50,51.463383,-2.75409,2,1,30
18/04/2023,07:35,51.396185,-2.684149,3,1,50
17/04/2023,14:45,51.493564,-2.636473,1,2,30
29/03/2023,17:39,51.538716,-2.411842,1,1,30
04/05/2023,10:40,51.605173,-2.524249,1,2,30
13/06/2023,14:35,51.456983,-2.597664,4,7,20
17/07/2023,00:05,51.569623,-2.636438,2,8,70
22/06/2023,15:45,51.428682,-2.535286,2,2,30
03/10/2023,05:40,51.55038,-2.641635,2,1,70
06/10/2023,21:38,51.454429,-2.54048,1,1,20
28/09/2023,19:25,51.411136,-2.744977,1,1,30
24/09/2023,19:12,51.411337,-2.622634,1,2,30
05/12/2023,17:25,51.479876,-2.473649,1,2,70
06/01/2023,15:40,51.829282,-1.835558,1,1,30
18/02/2023,11:35,51.806972,-1.697838,2,5,60
10/05/2023,21:00,51.827393,-2.100321,2,2,60
14/05/2023,13:10,51.783412,-1.902306,3,1,60
19/05/2023,22:44,51.847193,-2.16331,2,1,30
02/06/2023,12:00,51.907279,-2.109207,1,1,30
14/06/2023,17:00,51.66983,-2.331867,1,1,60
17/06/2023,21:25,51.865503,-2.448326,1,4,60
30/06/2023,15:57,51.628272,-2.654783,3,2,50
06/07/2023,23:55,51.831807,-2.111737,1,3,60
16/07/2023,14:58,51.735988,-2.509717,2,3,60
30/08/2023,15:50,52.001204,-2.088926,2,1,40
15/09/2023,23:34,52.038674,-2.166807,2,2,50
03/10/2023,19:42,51.912423,-2.097124,2,1,40
29/10/2023,09:55,52.08069,-1.77046,2,2,60
23/12/2023,14:00,51.607109,-2.165507,2,1,60
16/01/2023,19:27,51.491525,-2.199526,4,2,60
07/02/2023,18:45,51.438481,-2.051816,1,1,50
12/02/2023,19:32,51.18343,-1.78298,1,1,40
20/02/2023,00:46,51.509888,-2.16354,1,1,70
22/02/2023,12:35,51.542628,-1.90334,1,1,30
11/04/2023,16:28,51.239878,-2.218217,2,5,50
25/05/2023,19:33,51.116519,-1.851269,3,3,60
29/05/2023,12:06,51.411579,-1.832601,2,3,60
17/06/2023,21:46,51.596784,-1.750716,1,2,40
23/06/2023,23:00,50.982982,-2.136065,2,1,60
08/07/2023,19:26,51.177035,-1.802623,2,3,70
09/07/2023,15:40,51.356612,-2.095007,1,2,60
02/08/2023,22:15,51.543646,-1.760162,3,1,30
11/08/2023,14:03,51.227887,-2.225277,3,3,60
12/10/2023,18:52,51.330168,-1.778242,2,1,50
20/10/2023,09:10,51.517248,-2.275862,5,3,70
03/11/2023,20:31,51.354034,-2.137882,2,1,60
07/11/2023,10:14,51.586755,-2.088718,1,1,60
14/11/2023,05:38,51.410238,-2.12386,2,2,60
01/12/2023,16:45,51.440592,-2.14138,5,5,60
09/12/2023,18:32,51.544036,-1.848714,3,1,70
17/12/2023,17:17,51.457333,-2.118518,1,1,30
01/01/2023,15:52,50.728034,-1.83394,2,6,30
30/01/2023,11:02,50.74301,-1.729747,2,2,30
16/04/2023,00:21,50.72566,-1.919477,1,1,30
24/02/2023,14:07,50.726744,-1.963863,1,1,30
11/02/2023,18:32,50.751473,-1.850244,2,2,30
08/02/2023,20:15,50.848044,-2.771338,1,4,30
30/06/2023,21:42,50.774326,-1.832075,1,1,40
02/05/2023,12:53,50.597046,-2.477712,1,1,30
15/06/2023,21:28,50.835856,-1.810823,2,5,70
04/10/2023,22:10,50.795318,-2.000487,2,3,60
29/09/2023,21:16,51.065602,-2.281814,2,1,60
16/09/2023,21:35,50.834442,-1.809324,1,1,30
13/12/2023,17:44,50.626951,-2.458886,1,1,30
08/08/2023,16:44,50.841823,-1.914634,1,1,40
07/11/2023,19:10,50.69788,-2.493617,1,1,30
04/03/2023,16:07,53.064778,-3.015003,2,1,50
30/03/2023,13:35,52.977799,-3.332356,2,1,30
03/04/2023,18:47,53.172842,-4.218533,4,5,60
23/04/2023,00:50,52.977289,-3.074713,1,1,20
02/05/2023,21:59,53.049539,-3.051478,1,1,50
13/05/2023,13:08,53.095774,-3.792294,2,1,60
23/05/2023,02:45,53.220487,-4.188729,1,1,50
29/05/2023,09:15,52.622336,-4.072916,2,2,60
02/06/2023,23:00,53.133536,-4.250039,1,1,30
05/06/2023,12:24,53.248524,-3.136024,1,1,30
07/06/2023,13:50,52.854753,-3.550783,4,1,60
24/06/2023,05:20,53.062943,-3.149474,1,1,60
24/06/2023,14:43,52.968077,-3.459759,2,4,60
09/07/2023,11:58,53.134294,-3.343428,2,1,60
11/07/2023,20:05,53.295067,-3.760296,1,1,30
17/07/2023,02:21,53.043286,-3.004266,1,2,30
12/08/2023,05:01,53.266296,-3.501687,1,1,70
12/08/2023,20:45,52.97256,-3.254489,1,2,60
13/08/2023,12:20,52.777443,-3.784343,2,1,60
19/08/2023,03:37,53.299619,-3.73122,1,1,30
25/09/2023,06:24,53.15988,-2.99867,1,1,70
22/10/2023,00:03,53.052959,-3.012681,1,3,70
28/10/2023,05:45,53.287325,-3.885592,1,1,30
19/11/2023,00:00,52.96842,-4.069324,1,4,60
25/11/2023,22:23,53.057011,-3.040007,1,1,60
02/12/2023,18:38,52.972778,-3.128822,2,1,50
23/09/2023,22:42,52.972633,-3.071649,1,1,20
13/01/2023,13:21,51.69291,-3.128608,3,2,60
14/01/2023,03:47,51.680548,-3.134115,1,2,30
25/01/2023,15:35,51.612137,-3.033133,2,1,30
30/03/2023,16:08,51.654311,-3.036824,2,5,30
17/03/2023,19:54,51.575657,-3.230785,1,2,30
07/03/2023,18:00,51.685606,-3.169378,1,1,30
15/03/2023,17:49,51.879577,-3.049467,1,1,60
18/04/2023,17:16,51.64561,-3.284753,2,1,30
15/04/2023,03:05,51.59691,-2.866947,1,2,60
13/04/2023,05:47,51.760475,-3.320802,3,1,60
06/06/2023,14:19,51.643536,-3.246931,1,1,30
23/04/2023,22:50,51.645293,-3.029609,1,2,30
07/08/2023,11:47,51.682934,-3.016938,4,4,70
07/07/2023,17:50,51.591515,-3.212981,3,3,50
31/07/2023,02:24,51.593203,-2.766589,3,1,70
09/09/2023,16:03,51.643987,-3.251915,1,1,60
19/07/2023,01:00,51.586478,-3.231222,1,1,60
19/09/2023,09:53,51.630927,-3.019011,2,2,60
30/09/2023,00:46,51.613873,-2.99448,2,2,70
12/11/2023,11:59,51.814363,-2.678904,1,1,60
11/11/2023,10:34,51.616582,-3.109568,1,1,30
15/12/2023,18:22,51.622107,-3.220601,1,1,70
26/12/2023,17:23,51.551414,-3.06154,3,1,50
27/01/2023,18:30,51.625637,-3.349041,1,3,50
06/03/2023,00:15,51.532063,-3.099712,1,5,30
17/04/2023,14:28,51.515689,-3.666836,1,1,70
01/05/2023,21:32,51.470307,-3.256282,1,1,30
23/05/2023,14:22,51.527504,-3.390235,2,1,60
22/05/2023,18:03,51.479276,-3.257594,1,2,30
02/07/2023,13:35,51.688376,-3.74658,1,1,70
17/06/2023,16:51,51.668405,-3.356587,2,1,60
07/07/2023,04:26,51.458155,-3.383593,2,2,60
30/05/2023,14:02,51.66399,-3.345654,4,1,60
22/07/2023,22:42,51.733307,-3.363627,1,1,70
08/09/2023,19:12,51.712538,-3.701249,1,1,70
09/10/2023,20:47,51.607627,-3.978276,2,2,40
21/09/2023,10:23,51.624812,-3.369082,2,1,60
14/10/2023,11:17,51.549833,-3.729556,2,1,40
15/11/2023,11:54,51.509238,-3.54221,2,1,40
22/12/2023,11:18,51.493927,-3.166857,1,1,20
22/12/2023,15:00,51.685709,-3.390897,2,1,40
11/12/2023,19:01,51.561507,-3.415437,2,9,20
26/12/2023,13:46,51.610589,-3.771452,1,1,20
03/12/2023,22:01,51.610601,-3.383934,3,8,40
24/12/2023,03:59,51.639316,-3.847534,1,1,40
24/12/2023,03:07,51.494992,-3.181707,1,1,20
13/05/2023,08:09,51.688934,-4.866632,2,1,60
23/06/2023,02:36,51.696514,-4.10366,3,2,60
29/06/2023,17:00,52.364305,-3.588021,3,2,60
25/07/2023,21:17,51.877682,-3.494876,1,1,60
17/08/2023,09:06,51.795235,-3.692048,2,1,50
17/08/2023,10:25,52.250247,-3.258192,4,1,60
27/08/2023,14:25,52.401694,-4.067361,1,1,20
05/09/2023,14:10,51.712908,-4.936992,3,14,60
13/09/2023,13:58,52.298486,-3.326944,2,1,60
14/09/2023,12:55,51.900571,-3.273571,2,3,60
20/09/2023,12:45,51.958396,-3.648615,1,1,70
09/10/2023,17:10,51.849385,-4.023274,2,1,60
08/10/2023,08:54,52.36098,-3.58655,1,1,60
17/11/2023,21:50,52.026475,-4.219013,3,5,60
27/11/2023,07:32,52.702856,-3.043508,3,2,50
20/01/2023,14:30,52.824853,-3.406302,1,1,30
04/04/2023,13:50,52.284568,-3.415912,2,3,60
04/01/2023,19:00,55.500571,-4.350807,2,3,60
12/01/2023,13:27,55.871648,-3.209557,2,1,60
14/01/2023,18:37,56.033243,-3.76667,1,1,70
16/01/2023,10:30,56.207909,-3.04795,1,1,20
19/01/2023,03:20,55.848328,-2.115477,2,1,60
20/01/2023,21:45,55.897957,-4.203349,1,1,30
25/01/2023,13:24,56.402604,-3.485613,1,1,70
27/01/2023,10:02,55.856542,-4.259902,2,1,30
29/01/2023,10:22,55.983338,-3.58522,1,1,40
29/01/2023,17:10,55.928628,-3.193598,1,1,20
30/01/2023,12:49,57.395285,-4.234311,3,1,60
01/02/2023,08:50,55.784887,-4.049097,1,1,30
02/02/2023,19:40,55.862949,-4.270214,2,1,30
02/02/2023,20:15,55.862954,-4.268457,1,1,30
04/02/2023,17:36,55.946098,-3.217242,1,1,20
28/01/2023,13:25,55.912321,-4.065336,2,3,70
06/02/2023,20:30,55.864736,-4.133688,1,1,30
09/02/2023,11:20,56.15221,-3.831471,3,4,60
10/02/2023,13:20,56.104778,-3.348896,3,1,30
12/02/2023,18:20,55.891699,-4.259499,1,2,30
14/02/2023,19:22,55.640279,-4.740944,1,1,60
16/02/2023,20:20,57.829942,-4.08857,2,1,60
26/02/2023,21:05,55.933587,-4.300411,3,4,60
06/03/2023,09:05,57.541002,-4.076986,3,1,60
08/03/2023,19:28,55.804294,-4.237979,1,1,30
11/03/2023,22:16,55.84088,-4.424423,1,1,30
13/03/2023,14:15,56.167393,-3.137706,2,3,70
17/03/2023,13:10,60.223569,-1.569229,2,1,20
22/03/2023,15:10,56.063046,-3.236857,2,1,30
26/03/2023,02:51,56.507079,-2.714049,2,1,30
25/03/2023,01:45,55.845245,-3.88144,2,1,70
30/03/2023,01:20,57.091678,-2.124586,1,1,70
01/04/2023,10:45,55.692035,-4.077235,1,3,60
04/04/2023,17:45,55.836142,-4.252457,1,2,30
31/03/2023,14:00,56.419369,-4.842603,2,5,60
30/03/2023,19:00,55.246474,-3.399253,1,1,60
15/04/2023,11:40,55.901199,-4.404637,1,1,30
15/04/2023,11:11,57.595293,-4.664624,2,1,60
17/04/2023,13:50,56.133972,-4.657522,2,3,60
24/04/2023,02:55,55.987196,-2.53067,1,1,70
27/04/2023,16:30,56.454272,-2.975139,2,1,40
29/04/2023,17:00,56.605387,-3.190102,1,1,60
30/04/2023,21:00,56.257504,-4.958756,1,1,60
10/05/2023,17:45,55.895377,-4.262336,1,1,30
11/05/2023,03:40,58.091397,-6.606332,1,1,40
14/05/2023,00:41,55.077106,-4.980932,1,1,60
17/05/2023,10:55,55.825454,-4.087024,1,1,40
19/05/2023,15:22,55.595103,-2.572603,1,1,60
19/05/2023,23:20,56.282398,-3.729199,2,4,70
22/05/2023,01:50,55.923527,-4.55617,1,1,70
24/05/2023,14:25,56.404248,-5.002062,2,1,60
26/05/2023,06:05,57.357491,-4.005009,2,1,60
28/05/2023,15:19,55.983948,-4.270633,1,1,60
29/05/2023,09:00,55.850561,-4.215651,2,1,30
01/06/2023,10:37,55.858342,-4.219258,1,1,30
01/06/2023,15:50,57.283642,-5.661327,2,4,60
03/06/2023,18:51,55.850561,-4.147257,1,1,30
05/06/2023,00:02,55.865656,-4.287106,1,1,30
08/06/2023,01:10,56.556572,-2.587258,1,1,30
09/06/2023,10:50,55.916288,-4.135688,2,1,60
11/06/2023,14:28,55.242329,-3.222947,1,1,60
13/06/2023,18:45,56.104325,-4.640537,2,1,60
15/06/2023,16:07,55.935088,-4.015267,2,2,40
16/06/2023,14:20,56.618446,-2.611341,3,2,60
17/06/2023,15:30,55.579925,-4.422856,3,3,60
28/06/2023,15:15,57.551372,-1.829906,2,2,60
03/07/2023,14:50,55.67367,-3.77703,1,1,30
04/07/2023,06:52,55.922841,-3.288142,1,1,40
14/07/2023,14:00,55.342719,-3.495017,1,1,70
19/07/2023,11:30,57.917627,-4.393743,1,2,60
21/07/2023,16:13,56.424531,-4.835024,1,1,60
21/07/2023,13:30,56.762819,-3.405306,5,1,60
23/07/2023,11:57,56.662955,-4.958452,2,1,60
24/07/2023,11:21,56.656779,-2.757004,2,1,60
02/07/2023,16:29,57.023376,-3.070149,1,1,60
29/07/2023,18:14,56.026313,-3.794741,3,3,40
30/07/2023,08:41,57.634734,-3.48975,2,2,60
31/07/2023,23:35,55.985925,-4.306918,1,1,20
05/08/2023,04:10,58.508264,-3.225326,1,1,60
27/07/2023,22:34,56.482119,-3.001752,4,1,50
05/08/2023,12:35,55.598562,-3.772442,2,2,60
07/08/2023,05:55,55.957372,-3.689735,2,1,60
05/08/2023,22:38,55.860777,-4.243112,1,1,20
11/08/2023,21:25,55.890607,-3.736707,3,5,50
14/08/2023,12:33,56.090862,-3.372294,2,1,40
14/08/2023,12:39,56.361933,-2.939696,2,3,60
14/08/2023,17:15,55.689867,-4.40967,2,4,60
14/08/2023,21:30,55.850656,-3.6151,1,1,50
15/08/2023,15:49,55.490932,-2.835361,3,3,60
17/08/2023,20:03,58.322378,-3.198895,2,1,60
22/08/2023,19:41,55.840432,-3.144696,1,1,50
25/08/2023,17:18,57.205737,-5.39586,2,1,60
20/08/2023,11:45,56.715524,-2.887885,2,7,60
26/08/2023,15:28,55.936813,-3.249848,1,1,30
25/08/2023,07:50,56.653772,-2.893463,1,1,40
01/09/2023,16:50,55.803715,-4.295216,1,1,30
03/09/2023,22:45,56.458909,-3.115754,1,1,70
04/09/2023,15:48,56.53158,-2.849564,2,1,60
05/09/2023,07:55,55.870725,-4.394776,1,1,30
06/09/2023,01:37,56.416357,-5.474074,1,1,30
31/08/2023,00:50,57.267893,-2.192067,1,1,30
13/09/2023,11:40,56.540056,-3.359523,3,1,60
14/09/2023,20:37,56.113689,-3.345043,1,1,30
17/09/2023,08:09,57.524118,-3.992388,1,1,60
18/09/2023,12:30,55.397266,-4.183818,2,1,30
23/09/2023,17:30,55.640926,-4.587513,1,1,60
24/09/2023,10:25,55.850503,-4.231305,2,2,30
26/09/2023,10:35,55.952403,-3.174055,1,1,20
03/10/2023,13:30,56.382722,-3.01506,3,1,60
05/10/2023,08:28,57.088531,-2.753407,1,1,60
29/09/2023,15:30,57.45738,-6.297441,1,1,60
10/10/2023,14:40,55.894629,-3.434953,2,2,50
10/10/2023,18:00,55.401919,-4.229279,2,7,60
15/10/2023,16:10,55.818207,-3.291146,1,1,60
15/10/2023,15:03,55.96766,-2.45248,2,1,60
22/09/2023,15:00,57.107675,-2.117459,2,1,70
19/10/2023,17:03,56.586148,-2.839261,1,1,50
20/10/2023,20:00,54.778499,-4.942629,1,1,60
21/10/2023,11:38,57.122757,-2.184476,1,1,30
23/10/2023,05:55,55.65673,-4.689753,1,2,30
29/10/2023,12:45,55.795214,-2.964966,2,4,60
30/10/2023,18:10,56.192846,-3.071518,1,1,60
01/11/2023,19:23,56.095114,-3.355036,1,1,70
08/11/2023,22:18,55.314529,-4.629074,1,1,60
09/11/2023,13:05,57.465542,-1.999135,2,2,60
14/11/2023,13:05,55.931384,-3.251834,1,1,30
18/11/2023,09:55,57.596219,-1.892784,2,2,60
27/11/2023,06:45,55.816878,-4.039525,1,1,50
24/11/2023,18:15,54.933117,-4.59091,2,1,60
02/12/2023,11:13,55.851143,-4.234201,1,1,30
03/12/2023,09:50,58.520489,-3.244003,2,3,60
07/12/2023,08:10,55.653365,-3.896145,2,1,60
20/11/2023,17:20,57.152962,-2.155222,1,1,30
08/12/2023,10:50,55.875823,-5.409282,2,4,60
14/12/2023,10:00,55.200893,-4.835045,2,5,60
15/12/2023,16:40,55.924105,-3.031827,1,1,60
16/12/2023,08:29,56.695174,-3.001657,1,1,60
16/12/2023,08:59,55.835687,-2.065881,2,1,60
18/12/2023,09:00,55.92994,-3.35922,2,1,70
19/12/2023,06:55,55.875253,-3.164628,1,1,30
18/12/2023,09:30,55.575233,-4.522645,2,3,60
19/12/2023,17:56,55.792116,-4.085719,1,1,30
20/12/2023,17:04,56.122633,-3.69387,3,2,60
20/12/2023,22:40,55.730118,-4.655727,1,1,60
20/12/2023,22:35,56.110694,-3.343587,1,1,30
21/12/2023,12:40,55.899365,-3.229803,3,1,70
25/12/2023,16:10,60.252418,-1.390467,2,2,60
25/12/2023,12:11,55.846343,-4.063416,1,1,70
29/12/2023,10:41,56.262203,-5.558555,1,1,60
